task_id,change_type,worker,old_grade,old_selected,old_status,old_mano_cua_result,old_compliance,old_has_trajectory,old_trajectory_match,new_grade,new_selected,new_status,new_mano_cua_result,new_compliance,new_has_trajectory,new_trajectory_match
4gaBoards-19,NEW,worker-07,,,,,,,,A,N,failed,,pass,N/A,N/A
4gaBoards-265,NEW,worker-07,,,,,,,,A,N,failed,,pass,N/A,N/A
4gaBoards-443,NEW,worker-07,,,,,,,,A,N,failed,,pass,N/A,N/A
4gaBoards-pr772,NEW,worker-07,,,,,,,,A,N,failed,,pass,N/A,N/A
AlgerMusicPlayer-275,NEW,worker-07,,,,,,,,A,Y,completed,abnormal,pass,yes,match
AlgerMusicPlayer-42,NEW,worker-07,,,,,,,,A,Y,completed,unclear,pass,yes,match
AlgerMusicPlayer-43,NEW,worker-07,,,,,,,,D,N,completed,unclear,warn,no_result_desc,N/A
AlgerMusicPlayer-pr268,NEW,worker-07,,,,,,,,A,N,failed,,pass,N/A,N/A
AlgerMusicPlayer-pr644,NEW,worker-07,,,,,,,,A,N,failed,,pass,N/A,N/A
Armoria-pr115,NEW,worker-07,,,,,,,,A,Y,completed,abnormal,pass,yes,match
Armoria-pr122,NEW,worker-07,,,,,,,,A,Y,completed,abnormal,pass,yes,match
Armoria-pr125,NEW,worker-07,,,,,,,,A,Y,completed,normal,pass,yes,match
Armoria-pr132,NEW,worker-07,,,,,,,,D,N,completed,unclear,warn,no_result_desc,N/A
Armoria-pr206,NEW,worker-07,,,,,,,,B,Y,completed,abnormal,warn,yes,match
BitFun-126,NEW,worker-07,,,,,,,,A,Y,completed,unclear,pass,yes,match
BitFun-188,NEW,worker-07,,,,,,,,A,N,failed,,pass,N/A,N/A
BitFun-pr390,NEW,worker-07,,,,,,,,A,N,failed,,pass,N/A,N/A
BitFun-pr397,NEW,worker-07,,,,,,,,A,N,failed,,pass,N/A,N/A
BitFun-pr399,NEW,worker-07,,,,,,,,A,N,completed,unclear,pass,yes,match
BitFun-pr400,NEW,worker-07,,,,,,,,A,Y,completed,abnormal,pass,yes,match
BitFun-pr411,NEW,worker-07,,,,,,,,A,N,failed,,pass,N/A,N/A
BitFun-pr414,NEW,worker-07,,,,,,,,A,N,failed,,pass,N/A,N/A
BongoCat-437,NEW,worker-06,,,,,,,,D,N,completed,unclear,pass,no,N/A
CatColab-1026,NEW,worker-02,,,,,,,,A,N,failed,,warn,N/A,N/A
CatColab-1124,NEW,worker-02,,,,,,,,A,N,failed,,pass,N/A,N/A
CatColab-579,NEW,worker-02,,,,,,,,A,N,failed,,pass,N/A,N/A
CatColab-732,NEW,worker-02,,,,,,,,A,N,failed,,pass,N/A,N/A
CatColab-796,NEW,worker-02,,,,,,,,A,N,failed,,pass,N/A,N/A
CatColab-797,NEW,worker-02,,,,,,,,A,N,failed,,pass,N/A,N/A
CatColab-819,NEW,worker-02,,,,,,,,A,N,failed,,pass,N/A,N/A
CatColab-828,NEW,worker-02,,,,,,,,A,N,failed,,pass,N/A,N/A
CloudExplorer2-39,NEW,worker-fabrice,,,,,,,,A,N,failed,,pass,N/A,N/A
CloudExplorer2-41,NEW,worker-fabrice,,,,,,,,A,N,failed,,pass,N/A,N/A
CloudExplorer2-42,NEW,worker-fabrice,,,,,,,,A,N,failed,,pass,N/A,N/A
CloudExplorer2-57,NEW,worker-fabrice,,,,,,,,A,N,failed,,pass,N/A,N/A
CloudExplorer2-59,NEW,worker-fabrice,,,,,,,,A,N,failed,,pass,N/A,N/A
CloudExplorer2-64,NEW,worker-fabrice,,,,,,,,A,N,failed,,pass,N/A,N/A
CloudExplorer2-pr31,NEW,worker-fabrice,,,,,,,,A,N,failed,,pass,N/A,N/A
CloudExplorer2-pr34,NEW,worker-fabrice,,,,,,,,A,N,failed,,pass,N/A,N/A
CodeFlask-113,NEW,worker-fabrice,,,,,,,,A,Y,completed,unclear,pass,yes,match
CodeFlask-14,NEW,worker-fabrice,,,,,,,,A,Y,completed,abnormal,pass,yes,match
CodeFlask-pr25,NEW,worker-fabrice,,,,,,,,A,N,completed,abnormal,pass,yes,mismatch
Concierge-68,NEW,worker-09,,,,,,,,C,N,failed,,fail,N/A,N/A
Concierge-pr102,NEW,worker-09,,,,,,,,C,N,failed,,fail,N/A,N/A
ConvertX-293,NEW,worker-03,,,,,,,,A,Y,completed,normal,pass,yes,match
ConvertX-320,NEW,worker-03,,,,,,,,A,Y,completed,abnormal,pass,yes,match
ConvertX-362,NEW,worker-03,,,,,,,,A,Y,completed,normal,pass,yes,match
ConvertX-425,NEW,worker-03,,,,,,,,A,N,failed,,pass,N/A,N/A
ConvertX-435,NEW,worker-03,,,,,,,,A,Y,completed,abnormal,pass,yes,match
ConvertX-455,NEW,worker-03,,,,,,,,A,Y,completed,abnormal,pass,yes,match
ConvertX-464,NEW,worker-03,,,,,,,,A,Y,completed,abnormal,pass,yes,match
ConvertX-494,NEW,worker-03,,,,,,,,A,Y,completed,abnormal,pass,yes,match
DaybydayCRM-pr381,NEW,worker-08,,,,,,,,A,N,failed,,pass,N/A,N/A
DaybydayCRM-pr420,NEW,worker-08,,,,,,,,A,N,failed,,pass,N/A,N/A
DocFlow-306,NEW,worker-03,,,,,,,,C,N,failed,,fail,N/A,N/A
DocFlow-pr245,NEW,worker-03,,,,,,,,C,N,failed,,fail,N/A,N/A
DocFlow-pr280,NEW,worker-03,,,,,,,,C,N,failed,,fail,N/A,N/A
DocFlow-pr281,NEW,worker-03,,,,,,,,C,N,failed,,fail,N/A,N/A
DocFlow-pr284,NEW,worker-03,,,,,,,,C,N,failed,,fail,N/A,N/A
ESPConnect-pr137,NEW,worker-01,,,,,,,,A,Y,completed,unclear,pass,yes,match
Eve-586,NEW,worker-04,,,,,,,,A,N,failed,,pass,N/A,N/A
Eve-703,NEW,worker-04,,,,,,,,A,N,failed,,pass,N/A,N/A
Eve-704,NEW,worker-04,,,,,,,,A,N,failed,,pass,N/A,N/A
Eve-834,NEW,worker-04,,,,,,,,A,N,failed,,pass,N/A,N/A
Eve-835,NEW,worker-04,,,,,,,,A,N,failed,,pass,N/A,N/A
Eve-837,NEW,worker-04,,,,,,,,A,N,failed,,pass,N/A,N/A
Eve-pr736,NEW,worker-04,,,,,,,,A,N,failed,,pass,N/A,N/A
Eve-pr877,NEW,worker-04,,,,,,,,A,N,failed,,pass,N/A,N/A
KaibanJS-215,NEW,worker-01,,,,,,,,A,Y,completed,unclear,pass,yes,match
OpsiMate-264,NEW,worker-05,,,,,,,,A,Y,completed,normal,pass,yes,match
OpsiMate-305,NEW,worker-05,,,,,,,,A,N,failed,unclear,warn,N/A,N/A
OpsiMate-343,NEW,worker-05,,,,,,,,A,N,failed,unclear,warn,N/A,N/A
OpsiMate-379,NEW,worker-05,,,,,,,,A,N,failed,unclear,warn,N/A,N/A
OpsiMate-407,NEW,worker-05,,,,,,,,A,Y,completed,abnormal,pass,yes,match
OpsiMate-408,NEW,worker-05,,,,,,,,A,Y,completed,abnormal,pass,yes,match
OpsiMate-410,NEW,worker-05,,,,,,,,A,Y,completed,abnormal,pass,yes,match
OpsiMate-467,NEW,worker-05,,,,,,,,A,Y,completed,abnormal,pass,yes,match
PandoraAI-68,NEW,worker-fabrice,,,,,,,,C,N,failed,,fail,N/A,N/A
Raneto-141,NEW,worker-06,,,,,,,,A,Y,completed,abnormal,pass,yes,match
Raneto-8,NEW,worker-06,,,,,,,,A,Y,completed,normal,pass,yes,match
Raneto-88,NEW,worker-06,,,,,,,,A,Y,completed,unclear,pass,yes,match
Raneto-96,NEW,worker-06,,,,,,,,A,Y,completed,abnormal,pass,yes,match
Raneto-pr305,NEW,worker-06,,,,,,,,A,Y,completed,normal,pass,yes,match
Raneto-pr358,NEW,worker-06,,,,,,,,A,Y,completed,abnormal,pass,yes,match
Raneto-pr364,NEW,worker-06,,,,,,,,A,N,completed,abnormal,pass,yes,match
Raneto-pr407,NEW,worker-06,,,,,,,,A,Y,completed,abnormal,pass,yes,match
SponsorBlock-789,NEW,worker-07,,,,,,,,A,N,failed,,pass,N/A,N/A
SponsorBlock-pr1427,NEW,worker-07,,,,,,,,A,N,failed,,pass,N/A,N/A
SponsorBlock-pr1453,NEW,worker-07,,,,,,,,A,N,failed,,pass,N/A,N/A
SponsorBlock-pr1493,NEW,worker-07,,,,,,,,A,N,failed,,pass,N/A,N/A
SponsorBlock-pr1979,NEW,worker-07,,,,,,,,A,N,failed,,pass,N/A,N/A
SponsorBlock-pr1983,NEW,worker-07,,,,,,,,A,N,failed,,pass,N/A,N/A
SponsorBlock-pr2135,NEW,worker-07,,,,,,,,A,N,failed,,pass,N/A,N/A
SponsorBlock-pr2336,NEW,worker-07,,,,,,,,A,N,failed,,pass,N/A,N/A
Systemizer-pr1,NEW,worker-fabrice,,,,,,,,C,N,failed,,fail,N/A,N/A
add-to-calendar-button-pr411,NEW,worker-08,,,,,,,,B,Y,completed,abnormal,warn,yes,match
add-to-calendar-button-pr735,NEW,worker-08,,,,,,,,A,Y,completed,abnormal,pass,yes,match
am-editor-pr245,NEW,worker-04,,,,,,,,A,N,failed,,pass,N/A,N/A
am-editor-pr305,NEW,worker-04,,,,,,,,A,N,failed,,pass,N/A,N/A
am-editor-pr36,NEW,worker-04,,,,,,,,A,N,failed,,pass,N/A,N/A
angular-auth-oidc-client-1028,NEW,worker-07,,,,,,,,C,N,failed,,fail,N/A,N/A
angular-auth-oidc-client-1118,NEW,worker-07,,,,,,,,C,N,failed,,fail,N/A,N/A
angular-auth-oidc-client-1409,NEW,worker-07,,,,,,,,C,N,failed,,fail,N/A,N/A
angular-auth-oidc-client-pr1988,NEW,worker-07,,,,,,,,A,N,completed,unclear,pass,yes,match
angular-bootstrap-datetimepicker-pr426,NEW,worker-08,,,,,,,,A,N,failed,,pass,N/A,N/A
angular-bootstrap-datetimepicker-pr49,NEW,worker-08,,,,,,,,A,N,failed,,pass,N/A,N/A
angular-bootstrap-datetimepicker-pr51,NEW,worker-08,,,,,,,,A,Y,completed,abnormal,pass,yes,match
angularx-social-login-pr680,NEW,worker-fabrice,,,,,,,,A,N,completed,abnormal,pass,yes,match
apollo-pr274,NEW,worker-04,,,,,,,,A,N,failed,,pass,N/A,N/A
apollo-pr330,NEW,worker-04,,,,,,,,A,N,failed,,pass,N/A,N/A
apollo-pr362,NEW,worker-04,,,,,,,,A,N,failed,,pass,N/A,N/A
automa-1051,NEW,worker-08,,,,,,,,A,N,failed,,warn,N/A,N/A
automa-1052,NEW,worker-08,,,,,,,,A,N,failed,,pass,N/A,N/A
automa-1316,NEW,worker-08,,,,,,,,A,N,failed,,pass,N/A,N/A
automa-504,NEW,worker-08,,,,,,,,A,N,failed,,pass,N/A,N/A
automa-726,NEW,worker-08,,,,,,,,A,N,failed,,pass,N/A,N/A
automa-pr1604,NEW,worker-08,,,,,,,,A,N,failed,,pass,N/A,N/A
automa-pr1691,NEW,worker-08,,,,,,,,A,N,failed,,pass,N/A,N/A
automa-pr1928,NEW,worker-08,,,,,,,,A,N,failed,,pass,N/A,N/A
axios-module-166,NEW,worker-04,,,,,,,,A,Y,completed,abnormal,pass,yes,match
axios-module-pr364,NEW,worker-04,,,,,,,,A,N,failed,,pass,N/A,N/A
axios-module-pr414,NEW,worker-04,,,,,,,,A,N,failed,,pass,N/A,N/A
axios-module-pr424,NEW,worker-04,,,,,,,,A,N,failed,,pass,N/A,N/A
bananas-pr57,NEW,worker-09,,,,,,,,C,N,failed,,fail,N/A,N/A
bananas-pr58,NEW,worker-05,,,,,,,,A,Y,completed,abnormal,pass,yes,match
beautiful-react-hooks-pr368,NEW,worker-01,,,,,,,,A,Y,completed,abnormal,pass,yes,match
beautiful-react-hooks-pr384,NEW,worker-01,,,,,,,,A,Y,completed,unclear,pass,yes,match
beautiful-react-hooks-pr396,NEW,worker-01,,,,,,,,A,Y,completed,normal,pass,yes,match
beautiful-react-hooks-pr426,NEW,worker-01,,,,,,,,A,Y,completed,unclear,pass,yes,match
boardgame.io-1096,NEW,worker-09,,,,,,,,A,N,completed,normal,pass,yes,mismatch
boardgame.io-766,NEW,worker-09,,,,,,,,A,Y,completed,abnormal,pass,yes,match
boardgame.io-782,NEW,worker-09,,,,,,,,A,N,completed,unclear,pass,yes,match
boardgame.io-800,NEW,worker-09,,,,,,,,A,Y,completed,normal,pass,yes,match
boardgame.io-810,NEW,worker-09,,,,,,,,D,N,completed,unclear,pass,no_result_desc,N/A
boardgame.io-848,NEW,worker-09,,,,,,,,A,N,completed,unclear,pass,yes,match
boardgame.io-855,NEW,worker-09,,,,,,,,A,Y,completed,unclear,pass,yes,match
bridge-108,NEW,worker-06,,,,,,,,A,Y,completed,abnormal,pass,yes,match
bridge-110,NEW,worker-06,,,,,,,,A,Y,completed,abnormal,pass,yes,match
bridge-1103,NEW,worker-06,,,,,,,,A,Y,completed,unclear,pass,yes,match
bridge-125,NEW,worker-06,,,,,,,,A,Y,completed,abnormal,pass,yes,match
bridge-200,NEW,worker-06,,,,,,,,A,Y,completed,normal,pass,yes,match
bridge-301,NEW,worker-06,,,,,,,,A,Y,completed,abnormal,pass,yes,match
calendar-card-pro-169,NEW,worker-02,,,,,,,,A,N,failed,,pass,N/A,N/A
calendar-card-pro-174,NEW,worker-02,,,,,,,,A,N,failed,,pass,N/A,N/A
calendar-card-pro-175,NEW,worker-02,,,,,,,,A,N,failed,,pass,N/A,N/A
calendar-card-pro-180,NEW,worker-02,,,,,,,,A,N,failed,,pass,N/A,N/A
calendar-card-pro-214,NEW,worker-02,,,,,,,,A,N,failed,,pass,N/A,N/A
calendar-card-pro-219,NEW,worker-02,,,,,,,,A,N,failed,,pass,N/A,N/A
calendar-card-pro-252,NEW,worker-02,,,,,,,,A,N,failed,,pass,N/A,N/A
calendar-card-pro-259,NEW,worker-02,,,,,,,,A,N,failed,,pass,N/A,N/A
chatgpt-ui-pr2,NEW,worker-09,,,,,,,,A,Y,completed,abnormal,pass,yes,match
chatgpt-ui-pr244,NEW,worker-09,,,,,,,,C,N,failed,,fail,N/A,N/A
chimee-pr357,NEW,worker-09,,,,,,,,C,N,failed,,fail,N/A,N/A
chronoframe-92,NEW,worker-08,,,,,,,,A,Y,completed,abnormal,pass,yes,match
chronoframe-pr273,NEW,worker-08,,,,,,,,D,N,completed,unclear,pass,no_result_desc,N/A
components-127,NEW,worker-02,,,,,,,,A,N,completed,unclear,pass,yes,match
components-pr141,NEW,worker-09,,,,,,,,A,Y,completed,unclear,pass,yes,match
components-pr172,NEW,worker-02,,,,,,,,A,N,completed,unclear,pass,yes,error
components-pr201,NEW,worker-02,,,,,,,,A,Y,completed,unclear,pass,yes,match
components-pr30,NEW,worker-02,,,,,,,,A,N,completed,unclear,pass,yes,match
components-pr54,NEW,worker-02,,,,,,,,A,N,completed,unclear,pass,yes,match
composer-pr222,NEW,worker-03,,,,,,,,A,N,failed,,pass,N/A,N/A
composer-pr346,NEW,worker-03,,,,,,,,A,N,failed,,pass,N/A,N/A
composer-pr354,NEW,worker-03,,,,,,,,A,N,failed,,pass,N/A,N/A
composer-pr364,NEW,worker-03,,,,,,,,A,N,failed,,pass,N/A,N/A
composer-pr369,NEW,worker-03,,,,,,,,A,N,failed,,pass,N/A,N/A
composer-pr377,NEW,worker-03,,,,,,,,A,N,failed,,pass,N/A,N/A
composer-pr381,NEW,worker-03,,,,,,,,A,N,failed,,pass,N/A,N/A
composer-pr388,NEW,worker-03,,,,,,,,A,N,failed,,pass,N/A,N/A
conform-306,NEW,worker-09,,,,,,,,C,N,completed,,fail,yes,mismatch
conform-401,NEW,worker-09,,,,,,,,B,Y,completed,unclear,warn,yes,match
conform-454,NEW,worker-09,,,,,,,,C,N,completed,,fail,yes,match
conform-469,NEW,worker-09,,,,,,,,D,N,completed,unclear,pass,no_result_desc,N/A
conform-518,NEW,worker-09,,,,,,,,A,Y,completed,unclear,pass,yes,match
conform-591,NEW,worker-09,,,,,,,,A,Y,completed,abnormal,pass,yes,match
conform-pr1122,NEW,worker-09,,,,,,,,A,Y,completed,normal,pass,yes,match
coracle-474,NEW,worker-04,,,,,,,,A,N,completed,unclear,pass,yes,no_data
coracle-486,NEW,worker-04,,,,,,,,A,N,completed,unclear,pass,yes,match
coracle-517,NEW,worker-04,,,,,,,,D,N,completed,unclear,fail,no,N/A
coracle-524,NEW,worker-04,,,,,,,,D,N,completed,unclear,fail,no,N/A
coracle-526,NEW,worker-04,,,,,,,,D,N,completed,unclear,fail,no,N/A
coracle-530,NEW,worker-04,,,,,,,,D,N,completed,unclear,fail,no,N/A
coracle-pr396,NEW,worker-04,,,,,,,,D,N,completed,unclear,fail,no,N/A
coracle-pr496,NEW,worker-04,,,,,,,,D,N,completed,unclear,fail,no,N/A
craft.js-321,NEW,worker-05,,,,,,,,C,N,failed,unclear,fail,N/A,N/A
craft.js-373,NEW,worker-05,,,,,,,,C,N,failed,unclear,fail,N/A,N/A
craft.js-449,NEW,worker-05,,,,,,,,C,N,failed,unclear,fail,N/A,N/A
craft.js-52,NEW,worker-05,,,,,,,,C,N,failed,unclear,fail,N/A,N/A
craft.js-62,NEW,worker-05,,,,,,,,C,N,failed,unclear,fail,N/A,N/A
craft.js-pr587,NEW,worker-05,,,,,,,,C,N,failed,unclear,fail,N/A,N/A
craft.js-pr604,NEW,worker-05,,,,,,,,C,N,failed,unclear,fail,N/A,N/A
craft.js-pr634,NEW,worker-05,,,,,,,,C,N,failed,unclear,fail,N/A,N/A
date-picker-svelte-pr22,NEW,worker-09,,,,,,,,A,Y,completed,normal,pass,yes,match
discord-data-package-explorer-16,NEW,worker-04,,,,,,,,A,N,completed,unclear,pass,yes,match
discord-data-package-explorer-pr11,NEW,worker-04,,,,,,,,D,N,completed,unclear,fail,no,N/A
discord-data-package-explorer-pr30,NEW,worker-01,,,,,,,,A,N,completed,normal,pass,yes,match
dnd-kit-16,NEW,worker-06,,,,,,,,A,Y,completed,abnormal,pass,yes,match
dnd-kit-1751,NEW,worker-06,,,,,,,,C,N,deploy_failed,,fail,no,N/A
dnd-kit-1961,NEW,worker-06,,,,,,,,C,N,deploy_failed,,fail,no,N/A
dnd-kit-1977,NEW,worker-06,,,,,,,,C,N,deploy_failed,,fail,no,N/A
dnd-kit-298,NEW,worker-06,,,,,,,,A,Y,completed,unclear,pass,yes,match
dnd-kit-61,NEW,worker-06,,,,,,,,A,N,completed,unclear,pass,yes,mismatch
dnd-kit-pr1968,NEW,worker-06,,,,,,,,C,N,deploy_failed,,fail,no,N/A
dnd-kit-pr2021,NEW,worker-06,,,,,,,,C,N,deploy_failed,,fail,no,N/A
docus-134,NEW,worker-07,,,,,,,,A,Y,completed,abnormal,pass,yes,match
docus-139,NEW,worker-07,,,,,,,,A,Y,completed,abnormal,pass,yes,match
docus-140,NEW,worker-07,,,,,,,,A,N,failed,,warn,N/A,N/A
docus-141,NEW,worker-07,,,,,,,,A,N,failed,,warn,N/A,N/A
docus-366,NEW,worker-07,,,,,,,,A,N,failed,,pass,N/A,N/A
docus-396,NEW,worker-07,,,,,,,,A,N,failed,,pass,N/A,N/A
docus-489,NEW,worker-07,,,,,,,,A,N,failed,,pass,N/A,N/A
docus-608,NEW,worker-07,,,,,,,,A,N,failed,,pass,N/A,N/A
drawnix-141,NEW,worker-01,,,,,,,,A,Y,completed,abnormal,pass,yes,match
drawnix-pr274,NEW,worker-05,,,,,,,,A,Y,completed,abnormal,pass,yes,match
drawnix-pr317,NEW,worker-09,,,,,,,,A,Y,completed,normal,pass,yes,match
drawnix-pr318,NEW,worker-01,,,,,,,,A,N,completed,abnormal,pass,yes,match
drawnix-pr324,NEW,worker-09,,,,,,,,B,Y,completed,abnormal,warn,yes,match
drawnix-pr333,NEW,worker-05,,,,,,,,A,Y,completed,abnormal,pass,yes,match
drawnix-pr368,NEW,worker-01,,,,,,,,A,Y,completed,abnormal,pass,yes,match
drawnix-pr376,NEW,worker-04,,,,,,,,A,N,completed,unclear,pass,yes,match
editable-64,NEW,worker-02,,,,,,,,A,N,completed,abnormal,pass,yes,error
editable-72,NEW,worker-02,,,,,,,,C,N,failed,,fail,N/A,N/A
editable-81,NEW,worker-02,,,,,,,,A,Y,completed,unclear,pass,yes,match
editable-pr129,NEW,worker-02,,,,,,,,C,N,failed,,fail,N/A,N/A
evlog-160,NEW,worker-08,,,,,,,,A,N,failed,,pass,N/A,N/A
evlog-164,NEW,worker-08,,,,,,,,A,N,failed,,pass,N/A,N/A
ext-saladict-116,NEW,worker-08,,,,,,,,A,N,failed,,pass,N/A,N/A
ext-saladict-1371,NEW,worker-08,,,,,,,,A,N,failed,,pass,N/A,N/A
ext-saladict-1532,NEW,worker-08,,,,,,,,A,N,failed,,pass,N/A,N/A
ext-saladict-209,NEW,worker-08,,,,,,,,A,N,failed,,pass,N/A,N/A
ext-saladict-298,NEW,worker-08,,,,,,,,A,N,failed,,pass,N/A,N/A
ext-saladict-479,NEW,worker-08,,,,,,,,A,N,failed,,pass,N/A,N/A
ext-saladict-587,NEW,worker-08,,,,,,,,A,N,failed,,pass,N/A,N/A
ext-saladict-93,NEW,worker-08,,,,,,,,A,N,failed,,pass,N/A,N/A
fhir-emr-214,NEW,worker-09,,,,,,,,A,N,failed,,warn,N/A,N/A
fhir-emr-295,NEW,worker-09,,,,,,,,A,N,failed,,warn,N/A,N/A
fhir-emr-391,NEW,worker-09,,,,,,,,A,N,failed,,warn,N/A,N/A
fhir-emr-54,NEW,worker-09,,,,,,,,A,N,failed,,warn,N/A,N/A
fhir-emr-pr576,NEW,worker-09,,,,,,,,A,N,failed,,warn,N/A,N/A
fhir-emr-pr701,NEW,worker-09,,,,,,,,A,N,failed,,warn,N/A,N/A
fhir-emr-pr763,NEW,worker-09,,,,,,,,A,N,failed,,warn,N/A,N/A
fhir-emr-pr764,NEW,worker-09,,,,,,,,A,N,failed,,warn,N/A,N/A
fluent-svelte-pr16,NEW,worker-07,,,,,,,,C,N,failed,,fail,N/A,N/A
fluent-svelte-pr26,NEW,worker-07,,,,,,,,C,N,failed,,fail,N/A,N/A
fluent-svelte-pr29,NEW,worker-07,,,,,,,,C,N,failed,,fail,N/A,N/A
fluent-svelte-pr48,NEW,worker-07,,,,,,,,C,N,failed,,fail,N/A,N/A
fontaine-500,NEW,worker-06,,,,,,,,A,N,failed,,pass,N/A,N/A
fontaine-pr351,NEW,worker-06,,,,,,,,A,N,failed,,pass,N/A,N/A
fontaine-pr405,NEW,worker-06,,,,,,,,A,N,failed,,pass,N/A,N/A
fonts-135,NEW,worker-02,,,,,,,,A,N,failed,,pass,N/A,N/A
fonts-240,NEW,worker-02,,,,,,,,A,N,failed,,warn,N/A,N/A
fonts-242,NEW,worker-02,,,,,,,,A,N,failed,,pass,N/A,N/A
fonts-291,NEW,worker-02,,,,,,,,A,N,failed,,pass,N/A,N/A
fonts-352,NEW,worker-04,,,,,,,,A,N,completed,normal,pass,yes,match
fonts-371,NEW,worker-03,,,,,,,,A,N,completed,unclear,pass,yes,match
fonts-382,NEW,worker-05,,,,,,,,A,Y,completed,abnormal,pass,yes,match
fonts-pr274,NEW,worker-01,,,,,,,,A,Y,completed,unclear,pass,yes,match
form-builder-60,NEW,worker-04,,,,,,,,A,Y,completed,abnormal,pass,yes,match
form-builder-63,NEW,worker-04,,,,,,,,A,N,completed,abnormal,pass,yes,match
form-builder-pr27,NEW,worker-04,,,,,,,,A,Y,completed,abnormal,pass,yes,match
form-builder-pr36,NEW,worker-04,,,,,,,,A,Y,completed,abnormal,pass,yes,match
form-builder-pr64,NEW,worker-04,,,,,,,,A,N,completed,abnormal,pass,yes,match
form-builder-pr78,NEW,worker-03,,,,,,,,A,Y,completed,normal,pass,yes,match
form-builder-pr97,NEW,worker-04,,,,,,,,A,Y,completed,abnormal,pass,yes,match
github-readme-activity-graph-106,NEW,worker-08,,,,,,,,A,Y,completed,abnormal,pass,yes,match
github-readme-activity-graph-130,NEW,worker-08,,,,,,,,A,Y,completed,abnormal,pass,yes,match
github-readme-activity-graph-16,NEW,worker-08,,,,,,,,A,Y,completed,unclear,pass,yes,match
github-readme-activity-graph-pr104,NEW,worker-08,,,,,,,,A,Y,completed,abnormal,pass,yes,match
github-readme-activity-graph-pr105,NEW,worker-08,,,,,,,,A,Y,completed,abnormal,pass,yes,match
github-readme-activity-graph-pr164,NEW,worker-08,,,,,,,,A,Y,completed,abnormal,pass,yes,match
github-readme-activity-graph-pr9,NEW,worker-08,,,,,,,,A,Y,completed,unclear,pass,yes,match
google-fonts-84,NEW,worker-05,,,,,,,,A,Y,completed,unclear,pass,yes,match
google-fonts-pr161,NEW,worker-05,,,,,,,,A,Y,completed,abnormal,pass,yes,match
google-fonts-pr21,NEW,worker-05,,,,,,,,A,Y,completed,abnormal,pass,yes,match
google-fonts-pr25,NEW,worker-05,,,,,,,,A,Y,completed,abnormal,pass,yes,match
google-fonts-pr28,NEW,worker-05,,,,,,,,A,Y,completed,abnormal,pass,yes,match
gridsheet-92,NEW,worker-03,,,,,,,,A,N,completed,unclear,pass,yes,mismatch
gridsheet-97,NEW,worker-03,,,,,,,,A,Y,completed,normal,pass,yes,match
gridsheet-pr105,NEW,worker-03,,,,,,,,A,N,completed,abnormal,pass,yes,error
gridsheet-pr106,NEW,worker-03,,,,,,,,A,Y,completed,abnormal,pass,yes,match
gridsheet-pr55,NEW,worker-03,,,,,,,,A,Y,completed,abnormal,pass,yes,match
gridsheet-pr56,NEW,worker-03,,,,,,,,A,Y,completed,abnormal,pass,yes,match
gridsheet-pr67,NEW,worker-03,,,,,,,,A,N,completed,abnormal,pass,yes,match
hads-32,NEW,worker-09,,,,,,,,B,Y,completed,abnormal,warn,yes,match
hads-pr13,NEW,worker-09,,,,,,,,B,Y,completed,abnormal,warn,yes,match
hads-pr43,NEW,worker-09,,,,,,,,B,Y,completed,abnormal,warn,yes,match
hassio-trash-card-141,NEW,worker-03,,,,,,,,A,N,failed,,pass,N/A,N/A
hassio-trash-card-164,NEW,worker-03,,,,,,,,A,N,failed,,pass,N/A,N/A
hassio-trash-card-322,NEW,worker-03,,,,,,,,A,N,failed,,pass,N/A,N/A
hassio-trash-card-408,NEW,worker-03,,,,,,,,A,N,failed,,pass,N/A,N/A
hassio-trash-card-410,NEW,worker-01,,,,,,,,A,N,failed,,pass,N/A,N/A
hassio-trash-card-413,NEW,worker-01,,,,,,,,A,N,failed,,pass,N/A,N/A
hassio-trash-card-441,NEW,worker-01,,,,,,,,A,N,failed,,pass,N/A,N/A
hassio-trash-card-548,NEW,worker-01,,,,,,,,A,N,failed,,pass,N/A,N/A
hastic-grafana-app-223,NEW,worker-09,,,,,,,,D,N,completed,,fail,no,N/A
hastic-grafana-app-239,NEW,worker-01,,,,,,,,A,N,failed,,pass,N/A,N/A
hastic-grafana-app-275,NEW,worker-09,,,,,,,,D,N,completed,,fail,no,N/A
hastic-grafana-app-316,NEW,worker-03,,,,,,,,A,N,failed,,pass,N/A,N/A
hastic-grafana-app-317,NEW,worker-03,,,,,,,,A,N,failed,,pass,N/A,N/A
hastic-grafana-app-324,NEW,worker-09,,,,,,,,D,N,completed,,fail,no,N/A
hastic-grafana-app-374,NEW,worker-05,,,,,,,,A,N,failed,,pass,N/A,N/A
hastic-grafana-app-401,NEW,worker-01,,,,,,,,A,N,failed,,pass,N/A,N/A
headscale-ui-pr192,NEW,worker-06,,,,,,,,A,Y,completed,unclear,pass,yes,match
headscale-ui-pr207,NEW,worker-06,,,,,,,,A,Y,completed,abnormal,pass,yes,match
headscale-ui-pr27,NEW,worker-06,,,,,,,,A,Y,completed,abnormal,pass,yes,match
heynote-132,NEW,worker-05,,,,,,,,A,N,completed,unclear,pass,yes,mismatch
heynote-195,NEW,worker-01,,,,,,,,A,N,completed,unclear,pass,yes,match
heynote-21,NEW,worker-03,,,,,,,,A,N,completed,unclear,pass,yes,error
heynote-308,NEW,worker-04,,,,,,,,A,Y,completed,abnormal,pass,yes,match
heynote-314,NEW,worker-04,,,,,,,,A,Y,completed,abnormal,pass,yes,match
heynote-357,NEW,worker-05,,,,,,,,A,N,completed,abnormal,pass,yes,error
heynote-43,NEW,worker-04,,,,,,,,A,Y,completed,normal,pass,yes,match
heynote-434,NEW,worker-01,,,,,,,,A,N,completed,normal,pass,yes,mismatch
homer-pr1034,NEW,worker-05,,,,,,,,A,N,completed,abnormal,pass,yes,error
homer-pr112,NEW,worker-05,,,,,,,,A,Y,completed,abnormal,pass,yes,match
homer-pr115,NEW,worker-05,,,,,,,,A,N,completed,abnormal,pass,yes,error
homer-pr174,NEW,worker-05,,,,,,,,A,Y,completed,unclear,pass,yes,match
homer-pr239,NEW,worker-04,,,,,,,,A,N,completed,unclear,pass,yes,match
homer-pr640,NEW,worker-04,,,,,,,,A,N,completed,unclear,pass,yes,match
homer-pr734,NEW,worker-04,,,,,,,,A,Y,completed,abnormal,pass,yes,match
homer-pr980,NEW,worker-04,,,,,,,,A,Y,completed,abnormal,pass,yes,match
idraw-pr107,NEW,worker-06,,,,,,,,C,N,deploy_failed,,fail,no,N/A
idraw-pr134,NEW,worker-06,,,,,,,,C,N,deploy_failed,,fail,no,N/A
idraw-pr193,NEW,worker-06,,,,,,,,A,Y,completed,abnormal,pass,yes,match
idraw-pr234,NEW,worker-06,,,,,,,,A,N,completed,normal,pass,yes,match
idraw-pr328,NEW,worker-09,,,,,,,,C,N,failed,,fail,N/A,N/A
idraw-pr355,NEW,worker-09,,,,,,,,C,N,failed,,fail,N/A,N/A
idraw-pr363,NEW,worker-09,,,,,,,,C,N,failed,,fail,N/A,N/A
idraw-pr99,NEW,worker-09,,,,,,,,C,N,failed,,fail,N/A,N/A
inbox-372,NEW,worker-03,,,,,,,,A,N,failed,,pass,N/A,N/A
inbox-428,NEW,worker-03,,,,,,,,A,N,failed,,pass,N/A,N/A
inbox-43,NEW,worker-03,,,,,,,,A,N,failed,,pass,N/A,N/A
inbox-440,NEW,worker-03,,,,,,,,A,N,failed,,pass,N/A,N/A
inbox-568,NEW,worker-03,,,,,,,,A,N,failed,,pass,N/A,N/A
inbox-577,NEW,worker-03,,,,,,,,A,N,failed,,pass,N/A,N/A
inbox-pr584,NEW,worker-03,,,,,,,,A,N,failed,,pass,N/A,N/A
inspira-ui-157,NEW,worker-07,,,,,,,,A,N,completed,abnormal,pass,yes,match
inspira-ui-162,NEW,worker-07,,,,,,,,A,N,completed,normal,pass,yes,match
inspira-ui-204,NEW,worker-07,,,,,,,,A,Y,completed,abnormal,pass,yes,match
inspira-ui-217,NEW,worker-07,,,,,,,,A,Y,completed,abnormal,pass,yes,match
inspira-ui-87,NEW,worker-03,,,,,,,,A,N,completed,abnormal,pass,yes,mismatch
inspira-ui-pr260,NEW,worker-05,,,,,,,,D,N,completed,normal,fail,no,N/A
inspira-ui-pr263,NEW,worker-01,,,,,,,,A,Y,completed,abnormal,pass,yes,match
inspira-ui-pr268,NEW,worker-03,,,,,,,,C,N,deploy_failed,unclear,fail,no,N/A
jest-preview-138,NEW,worker-03,,,,,,,,A,Y,completed,normal,pass,yes,match
jest-preview-207,NEW,worker-03,,,,,,,,A,Y,completed,abnormal,pass,yes,match
jest-preview-258,NEW,worker-03,,,,,,,,C,N,failed,,fail,N/A,N/A
jest-preview-pr286,NEW,worker-03,,,,,,,,A,Y,completed,unclear,pass,yes,match
jest-preview-pr309,NEW,worker-03,,,,,,,,C,N,failed,,fail,N/A,N/A
jingo-261,NEW,worker-02,,,,,,,,A,Y,completed,abnormal,pass,yes,match
jingo-pr189,NEW,worker-02,,,,,,,,A,Y,completed,abnormal,pass,yes,match
jingo-pr222,NEW,worker-02,,,,,,,,A,N,completed,abnormal,pass,yes,match
jingo-pr28,NEW,worker-02,,,,,,,,A,Y,completed,abnormal,pass,yes,match
jingo-pr50,NEW,worker-02,,,,,,,,B,N,completed,unclear,warn,yes,match
jingo-pr88,NEW,worker-02,,,,,,,,A,Y,completed,abnormal,pass,yes,match
jsPDF-AutoTable-1001,NEW,worker-08,,,,,,,,A,Y,completed,unclear,pass,yes,match
jsPDF-AutoTable-480,NEW,worker-08,,,,,,,,A,Y,completed,abnormal,pass,yes,match
jsPDF-AutoTable-623,NEW,worker-08,,,,,,,,A,Y,completed,unclear,pass,yes,match
jsPDF-AutoTable-691,NEW,worker-08,,,,,,,,A,Y,completed,abnormal,pass,yes,match
jsPDF-AutoTable-794,NEW,worker-07,,,,,,,,A,N,completed,abnormal,pass,yes,match
jsPDF-AutoTable-805,NEW,worker-07,,,,,,,,A,N,completed,abnormal,pass,yes,match
jsPDF-AutoTable-897,NEW,worker-07,,,,,,,,A,N,completed,normal,pass,yes,match
jsPDF-AutoTable-915,NEW,worker-07,,,,,,,,A,N,completed,abnormal,pass,yes,match
kirimase-163,NEW,worker-02,,,,,,,,C,N,deploy_failed,,fail,no,N/A
kubebox-60,NEW,worker-09,,,,,,,,C,N,failed,,fail,N/A,N/A
kubebox-76,NEW,worker-09,,,,,,,,C,N,failed,,fail,N/A,N/A
kubebox-pr101,NEW,worker-09,,,,,,,,C,N,failed,,fail,N/A,N/A
kubebox-pr65,NEW,worker-09,,,,,,,,C,N,failed,,fail,N/A,N/A
laverna-351,NEW,worker-09,,,,,,,,C,N,failed,,fail,N/A,N/A
laverna-491,NEW,worker-09,,,,,,,,A,N,failed,,warn,N/A,N/A
laverna-493,NEW,worker-09,,,,,,,,A,N,failed,,warn,N/A,N/A
laverna-497,NEW,worker-09,,,,,,,,A,N,failed,,warn,N/A,N/A
laverna-540,NEW,worker-01,,,,,,,,A,Y,completed,unclear,pass,yes,match
laverna-850,NEW,worker-01,,,,,,,,A,N,failed,,pass,N/A,N/A
laverna-pr669,NEW,worker-01,,,,,,,,A,N,failed,,pass,N/A,N/A
laverna-pr887,NEW,worker-01,,,,,,,,A,N,failed,,pass,N/A,N/A
leaflet-geoman-1348,NEW,worker-01,,,,,,,,A,Y,completed,abnormal,pass,yes,match
leaflet-geoman-1423,NEW,worker-01,,,,,,,,A,N,completed,unclear,pass,yes,match
leaflet-geoman-1478,NEW,worker-01,,,,,,,,A,Y,completed,unclear,pass,yes,match
leaflet-geoman-1508,NEW,worker-01,,,,,,,,A,Y,completed,normal,pass,yes,match
leaflet-geoman-1521,NEW,worker-01,,,,,,,,D,N,completed,unclear,fail,no,N/A
leaflet-geoman-1559,NEW,worker-01,,,,,,,,A,Y,completed,unclear,pass,yes,match
leaflet-geoman-1568,NEW,worker-01,,,,,,,,A,Y,completed,abnormal,pass,yes,match
leaflet-geoman-202,NEW,worker-01,,,,,,,,A,Y,completed,normal,pass,yes,match
lenis-68,NEW,worker-09,,,,,,,,C,N,completed,,fail,yes,match
lenis-pr507,NEW,worker-09,,,,,,,,D,N,completed,,fail,no,N/A
linuxdo-scripts-155,NEW,worker-03,,,,,,,,C,N,failed,,fail,N/A,N/A
linuxdo-scripts-pr186,NEW,worker-03,,,,,,,,C,N,failed,,fail,N/A,N/A
linuxdo-scripts-pr223,NEW,worker-03,,,,,,,,C,N,failed,,fail,N/A,N/A
linuxdo-scripts-pr269,NEW,worker-03,,,,,,,,C,N,failed,,fail,N/A,N/A
linuxdo-scripts-pr286,NEW,worker-03,,,,,,,,C,N,failed,,fail,N/A,N/A
listen1_desktop-375,NEW,worker-06,,,,,,,,A,N,completed,unclear,pass,yes,match
listen1_desktop-pr411,NEW,worker-06,,,,,,,,A,N,completed,unclear,pass,yes,match
mafl-123,NEW,worker-fabrice,,,,,,,,A,Y,completed,normal,pass,yes,match
mapbox-gl-draw-1124,NEW,worker-01,,,,,,,,C,N,failed,,fail,N/A,N/A
mapbox-gl-draw-571,NEW,worker-01,,,,,,,,C,N,failed,,fail,N/A,N/A
mapbox-gl-draw-684,NEW,worker-03,,,,,,,,C,N,failed,,fail,N/A,N/A
mapbox-gl-draw-pr1008,NEW,worker-03,,,,,,,,C,N,failed,,fail,N/A,N/A
mapbox-gl-draw-pr1039,NEW,worker-03,,,,,,,,C,N,failed,,fail,N/A,N/A
mapbox-gl-draw-pr1320,NEW,worker-03,,,,,,,,C,N,failed,,fail,N/A,N/A
mapbox-gl-draw-pr1341,NEW,worker-03,,,,,,,,A,N,failed,unclear,warn,N/A,N/A
mapbox-gl-draw-pr1428,NEW,worker-03,,,,,,,,A,N,failed,,pass,N/A,N/A
mavonEditor-649,NEW,worker-02,,,,,,,,A,Y,completed,unclear,pass,yes,match
mavonEditor-729,NEW,worker-02,,,,,,,,A,N,completed,unclear,pass,yes,match
mavonEditor-737,NEW,worker-02,,,,,,,,C,N,failed,,fail,N/A,N/A
mavonEditor-pr640,NEW,worker-02,,,,,,,,A,Y,completed,abnormal,pass,yes,match
mavonEditor-pr661,NEW,worker-02,,,,,,,,A,N,completed,unclear,pass,yes,match
mavonEditor-pr667,NEW,worker-02,,,,,,,,D,N,completed,unclear,pass,no_result_desc,N/A
mavonEditor-pr717,NEW,worker-02,,,,,,,,D,N,completed,unclear,fail,no,N/A
mavonEditor-pr748,NEW,worker-02,,,,,,,,A,Y,completed,normal,pass,yes,match
mean-1328,NEW,worker-02,,,,,,,,A,N,failed,,pass,N/A,N/A
mean-pr1377,NEW,worker-02,,,,,,,,A,N,failed,,pass,N/A,N/A
mean-pr1402,NEW,worker-02,,,,,,,,A,N,failed,,pass,N/A,N/A
mean-pr1408,NEW,worker-02,,,,,,,,A,N,failed,,pass,N/A,N/A
mean-pr1433,NEW,worker-02,,,,,,,,A,N,failed,,pass,N/A,N/A
mean-pr1723,NEW,worker-02,,,,,,,,A,N,failed,,pass,N/A,N/A
mean-pr1846,NEW,worker-02,,,,,,,,A,N,failed,,pass,N/A,N/A
mean-pr2045,NEW,worker-02,,,,,,,,A,N,failed,,pass,N/A,N/A
medical-appointment-scheduling-131,NEW,worker-08,,,,,,,,A,N,failed,,pass,N/A,N/A
medical-appointment-scheduling-91,NEW,worker-08,,,,,,,,A,N,failed,,pass,N/A,N/A
meli-184,NEW,worker-fabrice,,,,,,,,C,N,failed,,fail,N/A,N/A
mini-media-player-467,NEW,worker-07,,,,,,,,A,N,failed,,pass,N/A,N/A
mini-media-player-561,NEW,worker-07,,,,,,,,A,N,failed,,pass,N/A,N/A
mini-media-player-657,NEW,worker-07,,,,,,,,A,N,failed,,pass,N/A,N/A
mini-media-player-665,NEW,worker-07,,,,,,,,A,N,failed,,pass,N/A,N/A
mini-media-player-704,NEW,worker-07,,,,,,,,A,N,failed,,pass,N/A,N/A
mini-media-player-784,NEW,worker-02,,,,,,,,C,N,deploy_failed,,fail,no,N/A
mini-media-player-785,NEW,worker-07,,,,,,,,A,N,failed,,pass,N/A,N/A
mini-media-player-821,NEW,worker-07,,,,,,,,A,N,failed,,pass,N/A,N/A
mission-control-321,NEW,worker-02,,,,,,,,A,Y,completed,abnormal,pass,yes,match
mission-control-333,NEW,worker-02,,,,,,,,A,Y,completed,normal,pass,yes,match
mission-control-368,NEW,worker-02,,,,,,,,A,Y,completed,abnormal,pass,yes,match
mission-control-456,NEW,worker-02,,,,,,,,A,Y,completed,normal,pass,yes,match
mission-control-461,NEW,worker-02,,,,,,,,A,Y,completed,abnormal,pass,yes,match
mission-control-467,NEW,worker-02,,,,,,,,A,Y,completed,abnormal,pass,yes,match
mission-control-526,NEW,worker-08,,,,,,,,A,N,failed,,pass,N/A,N/A
mission-control-529,NEW,worker-08,,,,,,,,A,N,failed,,pass,N/A,N/A
mixpost-pr123,NEW,worker-09,,,,,,,,C,N,failed,,fail,N/A,N/A
mixpost-pr57,NEW,worker-09,,,,,,,,C,N,failed,,fail,N/A,N/A
mui-rte-135,NEW,worker-03,,,,,,,,A,Y,completed,unclear,pass,yes,match
mui-rte-139,NEW,worker-03,,,,,,,,A,N,completed,normal,pass,yes,match
mui-rte-142,NEW,worker-03,,,,,,,,A,Y,completed,normal,pass,yes,match
mui-rte-184,NEW,worker-03,,,,,,,,A,Y,completed,normal,pass,yes,match
mui-rte-189,NEW,worker-03,,,,,,,,A,Y,completed,abnormal,pass,yes,match
mui-rte-3,NEW,worker-03,,,,,,,,A,Y,completed,abnormal,pass,yes,match
mui-rte-pr102,NEW,worker-03,,,,,,,,A,Y,completed,normal,pass,yes,match
mui-rte-pr117,NEW,worker-03,,,,,,,,A,Y,completed,normal,pass,yes,match
mui-tiptap-197,NEW,worker-03,,,,,,,,A,Y,completed,abnormal,pass,yes,match
mui-tiptap-228,NEW,worker-03,,,,,,,,A,Y,completed,normal,pass,yes,match
mui-tiptap-334,NEW,worker-03,,,,,,,,A,N,completed,unclear,pass,yes,match
mui-tiptap-pr214,NEW,worker-03,,,,,,,,A,Y,completed,normal,pass,yes,match
mui-tiptap-pr231,NEW,worker-03,,,,,,,,A,Y,completed,abnormal,pass,yes,match
mui-tiptap-pr406,NEW,worker-03,,,,,,,,A,N,completed,abnormal,pass,yes,match
mui-tiptap-pr418,NEW,worker-03,,,,,,,,A,Y,completed,unclear,pass,yes,match
mui-tiptap-pr481,NEW,worker-03,,,,,,,,A,N,completed,abnormal,pass,yes,match
muya-45,NEW,worker-03,,,,,,,,A,N,completed,normal,pass,yes,match
muya-pr103,NEW,worker-03,,,,,,,,A,Y,completed,abnormal,pass,yes,match
muya-pr135,NEW,worker-06,,,,,,,,A,N,completed,normal,pass,yes,mismatch
muya-pr152,NEW,worker-06,,,,,,,,A,N,completed,normal,pass,yes,error
muya-pr158,NEW,worker-06,,,,,,,,A,Y,completed,normal,pass,yes,match
muya-pr93,NEW,worker-06,,,,,,,,A,Y,completed,abnormal,pass,yes,match
muya-pr95,NEW,worker-06,,,,,,,,A,Y,completed,abnormal,pass,yes,match
muya-pr96,NEW,worker-06,,,,,,,,A,Y,completed,abnormal,pass,yes,match
next-themes-277,NEW,worker-06,,,,,,,,A,N,completed,unclear,pass,yes,match
next-themes-323,NEW,worker-06,,,,,,,,A,Y,completed,normal,pass,yes,match
next-themes-34,NEW,worker-06,,,,,,,,A,N,failed,,pass,N/A,N/A
next-themes-85,NEW,worker-06,,,,,,,,A,N,completed,normal,pass,yes,error
next-themes-pr11,NEW,worker-06,,,,,,,,A,N,failed,,pass,N/A,N/A
next-themes-pr310,NEW,worker-06,,,,,,,,A,N,failed,,pass,N/A,N/A
next-themes-pr330,NEW,worker-06,,,,,,,,A,N,failed,,pass,N/A,N/A
next-themes-pr347,NEW,worker-06,,,,,,,,A,N,failed,,pass,N/A,N/A
ngx-infinite-scroll-128,NEW,worker-03,,,,,,,,A,Y,completed,unclear,pass,yes,match
ngx-infinite-scroll-28,NEW,worker-03,,,,,,,,A,Y,completed,unclear,pass,yes,match
ngx-infinite-scroll-40,NEW,worker-03,,,,,,,,C,N,deploy_failed,unclear,fail,no,N/A
ngx-infinite-scroll-pr235,NEW,worker-03,,,,,,,,C,N,deploy_failed,unclear,fail,no,N/A
ngx-infinite-scroll-pr262,NEW,worker-03,,,,,,,,C,N,deploy_failed,unclear,fail,no,N/A
ngx-infinite-scroll-pr282,NEW,worker-03,,,,,,,,C,N,deploy_failed,unclear,fail,no,N/A
ngx-infinite-scroll-pr369,NEW,worker-03,,,,,,,,C,N,deploy_failed,unclear,fail,no,N/A
ngx-infinite-scroll-pr386,NEW,worker-03,,,,,,,,C,N,deploy_failed,unclear,fail,no,N/A
ngx-loading-bar-184,NEW,worker-08,,,,,,,,A,N,completed,unclear,pass,yes,match
ngx-loading-bar-40,NEW,worker-08,,,,,,,,D,N,completed,unclear,fail,no,N/A
ngx-loading-bar-43,NEW,worker-08,,,,,,,,C,N,completed,no_bug,fail,yes,match
ngx-loading-bar-65,NEW,worker-08,,,,,,,,C,N,completed,has_bug,fail,yes,match
ngx-loading-bar-85,NEW,worker-08,,,,,,,,D,N,completed,has_bug,fail,no_result_desc,N/A
ngx-loading-bar-93,NEW,worker-08,,,,,,,,C,N,completed,has_bug,fail,yes,mismatch
ngx-loading-bar-pr159,NEW,worker-08,,,,,,,,D,N,completed,has_bug,fail,no_result_desc,N/A
ngx-loading-bar-pr164,NEW,worker-08,,,,,,,,A,Y,completed,normal,pass,yes,match
ngx-progressbar-386,NEW,worker-04,,,,,,,,A,Y,completed,abnormal,pass,yes,match
ngx-progressbar-66,NEW,worker-05,,,,,,,,A,N,failed,,pass,N/A,N/A
ngx-progressbar-88,NEW,worker-01,,,,,,,,D,N,completed,unclear,fail,no,N/A
ngx-progressbar-pr119,NEW,worker-03,,,,,,,,C,N,deploy_failed,unclear,fail,no,N/A
ngx-progressbar-pr278,NEW,worker-05,,,,,,,,A,N,failed,,pass,N/A,N/A
ngx-quill-pr1293,NEW,worker-01,,,,,,,,A,N,failed,,pass,N/A,N/A
ngx-quill-pr1308,NEW,worker-01,,,,,,,,A,N,failed,,pass,N/A,N/A
ngx-quill-pr1841,NEW,worker-01,,,,,,,,A,N,failed,,pass,N/A,N/A
ngx-quill-pr1877,NEW,worker-01,,,,,,,,A,N,failed,,pass,N/A,N/A
ngx-quill-pr1889,NEW,worker-01,,,,,,,,A,N,failed,,pass,N/A,N/A
ngx-quill-pr1951,NEW,worker-01,,,,,,,,A,N,failed,,pass,N/A,N/A
ngx-scanner-297,NEW,worker-09,,,,,,,,B,Y,completed,unclear,warn,yes,match
ngx-scanner-299,NEW,worker-09,,,,,,,,A,N,failed,,warn,N/A,N/A
ngx-scanner-333,NEW,worker-09,,,,,,,,A,N,failed,,warn,N/A,N/A
ngx-scanner-334,NEW,worker-09,,,,,,,,A,N,failed,,warn,N/A,N/A
ngx-scanner-335,NEW,worker-09,,,,,,,,A,N,failed,,warn,N/A,N/A
ngx-scanner-419,NEW,worker-09,,,,,,,,A,N,failed,,warn,N/A,N/A
ngx-scanner-557,NEW,worker-09,,,,,,,,A,N,failed,,warn,N/A,N/A
ngx-scanner-7,NEW,worker-09,,,,,,,,A,N,failed,,warn,N/A,N/A
ngx-scrollbar-109,NEW,worker-03,,,,,,,,A,Y,completed,normal,pass,yes,match
ngx-scrollbar-217,NEW,worker-03,,,,,,,,A,Y,completed,normal,pass,yes,match
ngx-scrollbar-266,NEW,worker-03,,,,,,,,A,Y,completed,abnormal,pass,yes,match
ngx-scrollbar-33,NEW,worker-03,,,,,,,,C,N,failed,,fail,N/A,N/A
ngx-scrollbar-615,NEW,worker-03,,,,,,,,C,N,failed,,fail,N/A,N/A
ngx-scrollbar-669,NEW,worker-03,,,,,,,,A,Y,completed,unclear,pass,yes,match
ngx-scrollbar-674,NEW,worker-03,,,,,,,,A,N,completed,normal,pass,yes,match
ngx-scrollbar-pr449,NEW,worker-03,,,,,,,,A,Y,completed,abnormal,pass,yes,match
ngx-sortablejs-pr168,NEW,worker-fabrice,,,,,,,,C,N,failed,,fail,N/A,N/A
nomie6-oss-22,NEW,worker-08,,,,,,,,A,Y,completed,abnormal,pass,yes,match
nomie6-oss-23,NEW,worker-08,,,,,,,,C,N,completed,has_bug,fail,yes,match
nomie6-oss-37,NEW,worker-08,,,,,,,,A,Y,completed,abnormal,pass,yes,match
nomie6-oss-38,NEW,worker-08,,,,,,,,A,Y,completed,abnormal,pass,yes,match
nomie6-oss-41,NEW,worker-08,,,,,,,,A,Y,completed,normal,pass,yes,match
nomie6-oss-56,NEW,worker-08,,,,,,,,A,Y,completed,normal,pass,yes,match
nomie6-oss-58,NEW,worker-08,,,,,,,,D,N,completed,has_bug,fail,no_result_desc,N/A
nomie6-oss-pr48,NEW,worker-08,,,,,,,,A,Y,completed,normal,pass,yes,match
notivue-pr61,NEW,worker-08,,,,,,,,A,Y,completed,abnormal,pass,yes,match
npkill-26,NEW,worker-09,,,,,,,,A,N,failed,,warn,N/A,N/A
npkill-42,NEW,worker-09,,,,,,,,A,N,failed,,warn,N/A,N/A
npkill-67,NEW,worker-09,,,,,,,,A,N,failed,,warn,N/A,N/A
npkill-pr161,NEW,worker-09,,,,,,,,A,N,failed,,warn,N/A,N/A
npkill-pr196,NEW,worker-09,,,,,,,,A,N,failed,,warn,N/A,N/A
npkill-pr3,NEW,worker-09,,,,,,,,A,N,failed,,warn,N/A,N/A
npkill-pr99,NEW,worker-09,,,,,,,,A,N,failed,,warn,N/A,N/A
npmcharts.com-83,NEW,worker-01,,,,,,,,A,Y,completed,normal,pass,yes,match
npmcharts.com-pr127,NEW,worker-01,,,,,,,,A,Y,completed,abnormal,pass,yes,match
npmcharts.com-pr187,NEW,worker-01,,,,,,,,A,N,failed,,pass,N/A,N/A
npmcharts.com-pr89,NEW,worker-01,,,,,,,,A,Y,completed,abnormal,pass,yes,match
nuxt-95,NEW,worker-01,,,,,,,,D,N,completed,unclear,fail,no,N/A
nuxt-directus-144,NEW,worker-08,,,,,,,,C,N,completed,no_bug,fail,yes,match
nuxt-directus-147,NEW,worker-08,,,,,,,,A,Y,completed,unclear,pass,yes,match
nuxt-directus-157,NEW,worker-03,,,,,,,,C,N,deploy_failed,unclear,fail,no,N/A
nuxt-graphql-client-186,NEW,worker-09,,,,,,,,C,N,failed,,fail,N/A,N/A
nuxt-graphql-client-262,NEW,worker-09,,,,,,,,C,N,failed,,fail,N/A,N/A
nuxt-graphql-client-270,NEW,worker-09,,,,,,,,C,N,failed,,fail,N/A,N/A
nuxt-graphql-client-486,NEW,worker-09,,,,,,,,C,N,failed,,fail,N/A,N/A
nuxt-multi-cache-pr26,NEW,worker-fabrice,,,,,,,,A,Y,completed,abnormal,pass,yes,match
nuxt-pr162,NEW,worker-05,,,,,,,,A,N,failed,,pass,N/A,N/A
nuxt-pr217,NEW,worker-04,,,,,,,,A,N,completed,unclear,pass,yes,match
nuxt-social-share-175,NEW,worker-06,,,,,,,,A,Y,completed,normal,pass,yes,match
nuxt-social-share-314,NEW,worker-06,,,,,,,,A,N,failed,,pass,N/A,N/A
nuxt-social-share-410,NEW,worker-06,,,,,,,,A,Y,completed,normal,pass,yes,match
nuxt-swiper-139,NEW,worker-08,,,,,,,,A,N,failed,,pass,N/A,N/A
nuxt-swiper-pr4,NEW,worker-08,,,,,,,,A,N,failed,,pass,N/A,N/A
obsidian-execute-code-150,NEW,worker-09,,,,,,,,A,N,failed,,warn,N/A,N/A
obsidian-execute-code-169,NEW,worker-09,,,,,,,,A,N,failed,,warn,N/A,N/A
obsidian-execute-code-347,NEW,worker-09,,,,,,,,A,N,failed,,warn,N/A,N/A
obsidian-execute-code-89,NEW,worker-09,,,,,,,,A,N,failed,,warn,N/A,N/A
obsidian-execute-code-96,NEW,worker-09,,,,,,,,A,N,failed,,warn,N/A,N/A
obsidian-execute-code-pr161,NEW,worker-09,,,,,,,,A,N,failed,,warn,N/A,N/A
obsidian-execute-code-pr206,NEW,worker-09,,,,,,,,A,N,failed,,warn,N/A,N/A
obsidian-execute-code-pr395,NEW,worker-09,,,,,,,,A,N,failed,,pass,N/A,N/A
obsidian-plugin-pr195,NEW,worker-fabrice,,,,,,,,C,N,failed,,fail,N/A,N/A
obsidian-tracker-113,NEW,worker-06,,,,,,,,C,N,deploy_failed,,fail,no,N/A
obsidian-tracker-298,NEW,worker-06,,,,,,,,C,N,deploy_failed,,fail,no,N/A
obsidian-tracker-299,NEW,worker-06,,,,,,,,A,N,failed,,pass,N/A,N/A
obsidian-tracker-324,NEW,worker-06,,,,,,,,A,N,failed,,pass,N/A,N/A
obsidian-tracker-pr160,NEW,worker-06,,,,,,,,A,N,failed,,pass,N/A,N/A
obsidian-tracker-pr177,NEW,worker-06,,,,,,,,A,N,failed,,pass,N/A,N/A
obsidian-tracker-pr536,NEW,worker-06,,,,,,,,A,N,failed,,pass,N/A,N/A
obsidian-univer-87,NEW,worker-05,,,,,,,,A,N,failed,,pass,N/A,N/A
obsidian-univer-pr28,NEW,worker-05,,,,,,,,A,N,failed,,pass,N/A,N/A
obsidian-univer-pr46,NEW,worker-05,,,,,,,,A,N,failed,,pass,N/A,N/A
obsidian-univer-pr55,NEW,worker-05,,,,,,,,A,N,failed,,pass,N/A,N/A
obsidian-univer-pr6,NEW,worker-05,,,,,,,,A,N,failed,,pass,N/A,N/A
open5e-655,NEW,worker-07,,,,,,,,A,Y,completed,abnormal,pass,yes,match
openapi-gui-pr55,NEW,worker-08,,,,,,,,A,Y,completed,abnormal,pass,yes,match
openapi-gui-pr62,NEW,worker-08,,,,,,,,A,Y,completed,normal,pass,yes,match
page-assist-684,NEW,worker-01,,,,,,,,A,N,failed,,pass,N/A,N/A
page-assist-800,NEW,worker-01,,,,,,,,A,N,failed,,pass,N/A,N/A
page-assist-pr134,NEW,worker-01,,,,,,,,A,N,failed,,pass,N/A,N/A
page-assist-pr323,NEW,worker-01,,,,,,,,A,N,failed,,pass,N/A,N/A
page-assist-pr74,NEW,worker-01,,,,,,,,A,N,failed,,pass,N/A,N/A
page-assist-pr757,NEW,worker-01,,,,,,,,A,N,failed,,pass,N/A,N/A
pell-66,NEW,worker-07,,,,,,,,A,N,failed,,pass,N/A,N/A
penpot-desktop-11,NEW,worker-04,,,,,,,,C,N,failed,deploy_failed,fail,N/A,N/A
penpot-desktop-pr116,NEW,worker-04,,,,,,,,C,N,failed,deploy_failed,fail,N/A,N/A
penpot-desktop-pr160,NEW,worker-04,,,,,,,,C,N,failed,deploy_failed,fail,N/A,N/A
penpot-desktop-pr24,NEW,worker-04,,,,,,,,C,N,failed,deploy_failed,fail,N/A,N/A
penpot-desktop-pr252,NEW,worker-04,,,,,,,,C,N,failed,deploy_failed,fail,N/A,N/A
penpot-desktop-pr51,NEW,worker-04,,,,,,,,C,N,failed,deploy_failed,fail,N/A,N/A
penpot-desktop-pr57,NEW,worker-04,,,,,,,,C,N,failed,deploy_failed,fail,N/A,N/A
penpot-desktop-pr59,NEW,worker-04,,,,,,,,C,N,failed,deploy_failed,fail,N/A,N/A
perfect-freehand-pr18,NEW,worker-06,,,,,,,,A,Y,completed,abnormal,pass,yes,match
perfect-freehand-pr22,NEW,worker-06,,,,,,,,A,Y,completed,normal,pass,yes,match
perfect-freehand-pr54,NEW,worker-06,,,,,,,,A,Y,completed,abnormal,pass,yes,match
poster-design-pr110,NEW,worker-03,,,,,,,,C,N,failed,,fail,N/A,N/A
poster-design-pr137,NEW,worker-03,,,,,,,,C,N,failed,,fail,N/A,N/A
poster-design-pr168,NEW,worker-03,,,,,,,,C,N,failed,,fail,N/A,N/A
poster-design-pr57,NEW,worker-03,,,,,,,,A,Y,completed,unclear,pass,yes,match
poster-design-pr71,NEW,worker-03,,,,,,,,A,Y,completed,abnormal,pass,yes,match
poster-design-pr95,NEW,worker-03,,,,,,,,A,Y,completed,unclear,pass,yes,match
pramuka-id-pr69,NEW,worker-fabrice,,,,,,,,A,Y,completed,abnormal,pass,yes,match
preact-2949,NEW,worker-09,,,,,,,,D,N,completed,,fail,no,N/A
preact-4111,NEW,worker-09,,,,,,,,D,N,completed,,fail,no,N/A
preact-4422,NEW,worker-09,,,,,,,,D,N,completed,,fail,no,N/A
preact-4716,NEW,worker-09,,,,,,,,A,N,failed,,warn,N/A,N/A
preact-pr4969,NEW,worker-09,,,,,,,,A,N,failed,,warn,N/A,N/A
preact-pr4975,NEW,worker-09,,,,,,,,A,N,failed,,warn,N/A,N/A
preact-pr5026,NEW,worker-09,,,,,,,,A,N,failed,,warn,N/A,N/A
preact-pr5067,NEW,worker-09,,,,,,,,A,N,failed,,warn,N/A,N/A
pump.io-pr1157,NEW,worker-06,,,,,,,,A,Y,completed,abnormal,pass,yes,match
pump.io-pr1191,NEW,worker-06,,,,,,,,A,Y,completed,abnormal,pass,yes,match
pump.io-pr1311,NEW,worker-06,,,,,,,,A,Y,completed,abnormal,pass,yes,match
pump.io-pr1355,NEW,worker-06,,,,,,,,C,N,deploy_failed,unclear,fail,no,N/A
pump.io-pr1432,NEW,worker-06,,,,,,,,A,Y,completed,abnormal,pass,yes,match
pump.io-pr1438,NEW,worker-06,,,,,,,,C,N,deploy_failed,unclear,fail,no,N/A
pump.io-pr1465,NEW,worker-06,,,,,,,,C,N,deploy_failed,unclear,fail,no,N/A
pump.io-pr926,NEW,worker-06,,,,,,,,D,N,completed,unclear,warn,no,N/A
puppetry-pr79,NEW,worker-fabrice,,,,,,,,C,N,failed,,fail,N/A,N/A
pwa-module-pr354,NEW,worker-01,,,,,,,,D,N,completed,unclear,fail,no,N/A
pwa-module-pr386,NEW,worker-03,,,,,,,,C,N,deploy_failed,unclear,fail,no,N/A
pwa-module-pr417,NEW,worker-05,,,,,,,,A,N,failed,,pass,N/A,N/A
pwa-module-pr428,NEW,worker-01,,,,,,,,D,N,completed,unclear,fail,no,N/A
qb-web-105,NEW,worker-09,,,,,,,,C,N,failed,,fail,N/A,N/A
qb-web-pr143,NEW,worker-09,,,,,,,,C,N,failed,,fail,N/A,N/A
qinglong-pr2811,NEW,worker-03,,,,,,,,D,N,completed,abnormal,fail,no,N/A
qinglong-pr2833,NEW,worker-05,,,,,,,,A,N,failed,,pass,N/A,N/A
qinglong-pr2837,NEW,worker-07,,,,,,,,A,N,completed,abnormal,pass,yes,mismatch
qinglong-pr2862,NEW,worker-08,,,,,,,,A,N,failed,,warn,N/A,N/A
qinglong-pr2869,NEW,worker-08,,,,,,,,A,N,failed,,pass,N/A,N/A
qinglong-pr2877,NEW,worker-08,,,,,,,,A,N,failed,,pass,N/A,N/A
qinglong-pr613,NEW,worker-08,,,,,,,,A,N,failed,,pass,N/A,N/A
quicktype-142,NEW,worker-01,,,,,,,,A,N,failed,,pass,N/A,N/A
quicktype-455,NEW,worker-01,,,,,,,,A,N,failed,,pass,N/A,N/A
quicktype-497,NEW,worker-01,,,,,,,,A,N,failed,,pass,N/A,N/A
quicktype-523,NEW,worker-01,,,,,,,,A,N,failed,,pass,N/A,N/A
react-boilerplate-126,NEW,worker-02,,,,,,,,A,N,completed,abnormal,pass,yes,mismatch
react-boilerplate-pr2601,NEW,worker-02,,,,,,,,A,Y,completed,normal,pass,yes,match
react-boilerplate-pr2810,NEW,worker-02,,,,,,,,A,N,completed,unclear,pass,yes,mismatch
react-boilerplate-pr2818,NEW,worker-02,,,,,,,,A,Y,completed,normal,pass,yes,match
react-datetime-picker-156,NEW,worker-09,,,,,,,,C,N,failed,,fail,N/A,N/A
react-datetime-picker-180,NEW,worker-09,,,,,,,,D,N,completed,,fail,no,N/A
react-datetime-picker-39,NEW,worker-09,,,,,,,,A,N,failed,,pass,N/A,N/A
react-datetime-picker-40,NEW,worker-09,,,,,,,,C,N,completed,,fail,yes,match
react-datetime-picker-81,NEW,worker-09,,,,,,,,A,N,failed,,pass,N/A,N/A
react-datetime-picker-pr132,NEW,worker-09,,,,,,,,A,Y,completed,abnormal,pass,yes,match
react-dropzone-1190,NEW,worker-05,,,,,,,,A,Y,completed,normal,pass,yes,match
react-dropzone-1222,NEW,worker-05,,,,,,,,A,Y,completed,normal,pass,yes,match
react-dropzone-1238,NEW,worker-05,,,,,,,,A,N,completed,unclear,pass,yes,match
react-dropzone-1346,NEW,worker-05,,,,,,,,A,Y,completed,unclear,pass,yes,match
react-dropzone-1418,NEW,worker-05,,,,,,,,A,N,completed,unclear,pass,yes,match
react-dropzone-1449,NEW,worker-05,,,,,,,,D,N,completed,unclear,fail,no,N/A
react-dropzone-526,NEW,worker-05,,,,,,,,D,N,completed,unclear,fail,no,N/A
react-editext-pr117,NEW,worker-fabrice,,,,,,,,A,Y,completed,normal,pass,yes,match
react-markdown-editor-lite-pr17,NEW,worker-03,,,,,,,,A,Y,completed,normal,pass,yes,match
react-markdown-editor-lite-pr23,NEW,worker-03,,,,,,,,A,Y,completed,normal,pass,yes,match
react-markdown-editor-lite-pr3,NEW,worker-03,,,,,,,,A,Y,completed,normal,pass,yes,match
react-markdown-editor-lite-pr5,NEW,worker-03,,,,,,,,A,Y,completed,abnormal,pass,yes,match
react-markdown-editor-lite-pr85,NEW,worker-03,,,,,,,,A,Y,completed,abnormal,pass,yes,match
react-notion-x-pr591,NEW,worker-01,,,,,,,,A,N,failed,,pass,N/A,N/A
react-notion-x-pr677,NEW,worker-01,,,,,,,,A,Y,completed,unclear,pass,yes,match
react-notion-x-pr690,NEW,worker-01,,,,,,,,A,N,failed,,pass,N/A,N/A
react-notion-x-pr691,NEW,worker-01,,,,,,,,A,N,failed,,pass,N/A,N/A
react-notion-x-pr692,NEW,worker-01,,,,,,,,A,N,failed,,pass,N/A,N/A
react-notion-x-pr693,NEW,worker-01,,,,,,,,A,N,failed,,pass,N/A,N/A
react-notion-x-pr694,NEW,worker-01,,,,,,,,A,N,failed,,pass,N/A,N/A
react-notion-x-pr697,NEW,worker-01,,,,,,,,A,N,failed,,pass,N/A,N/A
react-photo-studio-112,NEW,worker-09,,,,,,,,A,Y,completed,normal,pass,yes,match
react-photo-studio-113,NEW,worker-09,,,,,,,,A,N,completed,unclear,pass,yes,match
react-photo-studio-118,NEW,worker-09,,,,,,,,A,N,completed,normal,pass,yes,match
react-photo-studio-79,NEW,worker-09,,,,,,,,A,N,completed,unclear,pass,yes,match
react-slick-1356,NEW,worker-02,,,,,,,,A,Y,completed,abnormal,pass,yes,match
react-slick-1874,NEW,worker-02,,,,,,,,A,N,completed,unclear,pass,yes,match
react-slick-1881,NEW,worker-02,,,,,,,,A,N,completed,abnormal,pass,yes,mismatch
react-slick-pr2149,NEW,worker-02,,,,,,,,A,N,completed,unclear,pass,yes,match
react-slick-pr2329,NEW,worker-02,,,,,,,,A,N,completed,normal,pass,yes,match
react-slick-pr2343,NEW,worker-02,,,,,,,,A,N,completed,unclear,pass,yes,match
react-slick-pr622,NEW,worker-02,,,,,,,,A,N,completed,abnormal,pass,yes,match
react-slick-pr762,NEW,worker-02,,,,,,,,A,Y,completed,normal,pass,yes,match
reactour-pr405,NEW,worker-07,,,,,,,,D,N,completed,normal,pass,no_result_desc,N/A
reactour-pr448,NEW,worker-07,,,,,,,,A,Y,completed,abnormal,pass,yes,match
reactour-pr48,NEW,worker-07,,,,,,,,A,Y,completed,abnormal,pass,yes,match
reactour-pr49,NEW,worker-07,,,,,,,,A,Y,completed,abnormal,pass,yes,match
reactour-pr529,NEW,worker-07,,,,,,,,D,N,completed,unclear,pass,no_result_desc,N/A
reactour-pr639,NEW,worker-07,,,,,,,,A,Y,completed,abnormal,pass,yes,match
reactour-pr647,NEW,worker-07,,,,,,,,A,Y,completed,abnormal,pass,yes,match
reactour-pr660,NEW,worker-07,,,,,,,,A,Y,completed,abnormal,pass,yes,match
regex-vis-pr131,NEW,worker-04,,,,,,,,A,Y,completed,abnormal,pass,yes,match
regex-vis-pr47,NEW,worker-04,,,,,,,,A,Y,completed,abnormal,pass,yes,match
regex-vis-pr48,NEW,worker-04,,,,,,,,A,Y,completed,normal,pass,yes,match
regex-vis-pr55,NEW,worker-04,,,,,,,,A,Y,completed,abnormal,pass,yes,match
regex-vis-pr58,NEW,worker-04,,,,,,,,A,Y,completed,abnormal,pass,yes,match
regex-vis-pr67,NEW,worker-04,,,,,,,,A,Y,completed,abnormal,pass,yes,match
regex-vis-pr75,NEW,worker-04,,,,,,,,A,Y,completed,abnormal,pass,yes,match
regex-vis-pr76,NEW,worker-04,,,,,,,,A,Y,completed,normal,pass,yes,match
revue-draggable-162,NEW,worker-fabrice,,,,,,,,A,Y,completed,unclear,pass,yes,match
robots-269,NEW,worker-09,,,,,,,,C,N,failed,,fail,N/A,N/A
roomy-109,NEW,worker-03,,,,,,,,A,N,failed,,warn,N/A,N/A
roomy-223,NEW,worker-03,,,,,,,,A,N,failed,,pass,N/A,N/A
roomy-227,NEW,worker-03,,,,,,,,A,N,failed,,pass,N/A,N/A
roomy-pr271,NEW,worker-03,,,,,,,,A,N,failed,,pass,N/A,N/A
roomy-pr532,NEW,worker-03,,,,,,,,A,N,failed,,pass,N/A,N/A
roomy-pr595,NEW,worker-03,,,,,,,,A,N,failed,,pass,N/A,N/A
roomy-pr600,NEW,worker-03,,,,,,,,A,N,failed,,pass,N/A,N/A
roomy-pr610,NEW,worker-03,,,,,,,,A,N,failed,,pass,N/A,N/A
sanity-1049,NEW,worker-04,,,,,,,,C,N,failed,deploy_failed,fail,N/A,N/A
sanity-1062,NEW,worker-04,,,,,,,,C,N,failed,deploy_failed,fail,N/A,N/A
sanity-123,NEW,worker-04,,,,,,,,C,N,failed,deploy_failed,fail,N/A,N/A
sanity-1344,NEW,worker-04,,,,,,,,C,N,failed,deploy_failed,fail,N/A,N/A
sanity-1387,NEW,worker-04,,,,,,,,C,N,failed,deploy_failed,fail,N/A,N/A
sanity-306,NEW,worker-04,,,,,,,,C,N,failed,deploy_failed,fail,N/A,N/A
sanity-644,NEW,worker-04,,,,,,,,C,N,failed,deploy_failed,fail,N/A,N/A
sanity-690,NEW,worker-01,,,,,,,,D,N,completed,unclear,fail,no,N/A
shadcn-svelte-extras-166,NEW,worker-06,,,,,,,,A,Y,completed,unclear,pass,yes,match
shadcn-svelte-extras-pr229,NEW,worker-06,,,,,,,,A,Y,completed,abnormal,pass,yes,match
shadcn-svelte-extras-pr245,NEW,worker-06,,,,,,,,A,Y,completed,abnormal,pass,yes,match
shadcn-svelte-extras-pr296,NEW,worker-06,,,,,,,,A,Y,completed,abnormal,pass,yes,match
shadcn-svelte-extras-pr330,NEW,worker-06,,,,,,,,A,N,completed,abnormal,pass,yes,mismatch
shadcn-svelte-extras-pr355,NEW,worker-06,,,,,,,,A,Y,completed,abnormal,pass,yes,match
shadcn-svelte-extras-pr360,NEW,worker-06,,,,,,,,A,Y,completed,abnormal,pass,yes,match
shadcn-svelte-extras-pr361,NEW,worker-06,,,,,,,,A,N,completed,unclear,pass,yes,match
slate-angular-150,NEW,worker-05,,,,,,,,A,Y,completed,normal,pass,yes,match
slate-angular-244,NEW,worker-05,,,,,,,,A,Y,completed,abnormal,pass,yes,match
slate-angular-pr316,NEW,worker-05,,,,,,,,A,N,completed,abnormal,pass,yes,match
slate-angular-pr327,NEW,worker-05,,,,,,,,A,N,completed,abnormal,pass,yes,match
slate-angular-pr335,NEW,worker-05,,,,,,,,A,Y,completed,abnormal,pass,yes,match
slate-angular-pr336,NEW,worker-05,,,,,,,,C,N,failed,,fail,N/A,N/A
slate-angular-pr338,NEW,worker-05,,,,,,,,A,Y,completed,abnormal,pass,yes,match
slate-angular-pr339,NEW,worker-05,,,,,,,,A,Y,completed,abnormal,pass,yes,match
svelte-jsoneditor-110,NEW,worker-fabrice,,,,,,,,A,Y,completed,normal,pass,yes,match
svelte-jsoneditor-131,NEW,worker-fabrice,,,,,,,,A,N,completed,unclear,pass,yes,match
svelte-jsoneditor-499,NEW,worker-fabrice,,,,,,,,A,Y,completed,normal,pass,yes,match
svelte-jsoneditor-pr184,NEW,worker-02,,,,,,,,A,N,completed,unclear,pass,yes,match
svelte-jsoneditor-pr471,NEW,worker-fabrice,,,,,,,,A,Y,completed,normal,pass,yes,match
svelte-jsoneditor-pr62,NEW,worker-fabrice,,,,,,,,A,Y,completed,abnormal,pass,yes,match
svelte-jsoneditor-pr73,NEW,worker-03,,,,,,,,A,N,completed,unclear,pass,yes,match
svelte-jsoneditor-pr83,NEW,worker-fabrice,,,,,,,,A,Y,completed,abnormal,pass,yes,match
svelte-repl-22,NEW,worker-05,,,,,,,,A,N,failed,,pass,N/A,N/A
svelte-repl-31,NEW,worker-05,,,,,,,,A,N,failed,,pass,N/A,N/A
svelte-repl-pr57,NEW,worker-05,,,,,,,,A,N,failed,,pass,N/A,N/A
svelte-repl-pr59,NEW,worker-05,,,,,,,,A,N,failed,,pass,N/A,N/A
svelte-repl-pr60,NEW,worker-05,,,,,,,,A,N,failed,,pass,N/A,N/A
svelte-repl-pr63,NEW,worker-05,,,,,,,,A,N,failed,,pass,N/A,N/A
svelte-repl-pr69,NEW,worker-05,,,,,,,,A,N,failed,,pass,N/A,N/A
svelte-repl-pr96,NEW,worker-05,,,,,,,,A,N,failed,,pass,N/A,N/A
svelte-sonner-31,NEW,worker-01,,,,,,,,A,Y,completed,abnormal,pass,yes,match
svelte-sonner-pr150,NEW,worker-01,,,,,,,,A,Y,completed,normal,pass,yes,match
svelte-sonner-pr173,NEW,worker-01,,,,,,,,D,N,completed,abnormal,fail,no,N/A
svelte-sonner-pr57,NEW,worker-01,,,,,,,,A,N,completed,unclear,pass,yes,match
svelte-sonner-pr71,NEW,worker-01,,,,,,,,A,Y,completed,abnormal,pass,yes,match
svelte-sonner-pr83,NEW,worker-01,,,,,,,,A,Y,completed,abnormal,pass,yes,match
svelte-sonner-pr88,NEW,worker-01,,,,,,,,A,Y,completed,unclear,pass,yes,match
svelte-sonner-pr99,NEW,worker-01,,,,,,,,A,N,completed,unclear,pass,yes,match
svelte-toast-pr52,NEW,worker-05,,,,,,,,A,Y,completed,abnormal,pass,yes,match
svelthree-159,NEW,worker-06,,,,,,,,A,N,failed,,pass,N/A,N/A
svelthree-189,NEW,worker-06,,,,,,,,A,N,failed,,pass,N/A,N/A
svelthree-pr25,NEW,worker-06,,,,,,,,A,N,failed,,pass,N/A,N/A
svelty-picker-pr124,NEW,worker-07,,,,,,,,B,N,completed,unclear,warn,yes,match
svelty-picker-pr155,NEW,worker-07,,,,,,,,A,N,completed,abnormal,pass,yes,match
svelty-picker-pr156,NEW,worker-07,,,,,,,,D,N,completed,abnormal,fail,no,N/A
svelty-picker-pr71,NEW,worker-07,,,,,,,,C,N,failed,,fail,N/A,N/A
swagger-2010,NEW,worker-07,,,,,,,,A,N,completed,abnormal,pass,yes,match
swagger-2945,NEW,worker-07,,,,,,,,A,N,completed,normal,pass,yes,match
swagger-2946,NEW,worker-07,,,,,,,,B,N,completed,normal,warn,yes,match
swagger-3581,NEW,worker-07,,,,,,,,A,N,completed,abnormal,pass,yes,match
teleport-code-generators-209,NEW,worker-02,,,,,,,,C,N,failed,,fail,N/A,N/A
teleport-code-generators-213,NEW,worker-02,,,,,,,,C,N,failed,,fail,N/A,N/A
teleport-code-generators-245,NEW,worker-02,,,,,,,,C,N,failed,,fail,N/A,N/A
teleport-code-generators-266,NEW,worker-02,,,,,,,,C,N,failed,,fail,N/A,N/A
teleport-code-generators-694,NEW,worker-02,,,,,,,,A,N,failed,,pass,N/A,N/A
teleport-code-generators-911,NEW,worker-02,,,,,,,,A,N,failed,,pass,N/A,N/A
tensei-pr121,NEW,worker-06,,,,,,,,A,N,failed,,pass,N/A,N/A
tensei-pr228,NEW,worker-06,,,,,,,,A,N,failed,,pass,N/A,N/A
tensei-pr230,NEW,worker-06,,,,,,,,A,N,failed,,pass,N/A,N/A
tensei-pr246,NEW,worker-06,,,,,,,,A,N,failed,,pass,N/A,N/A
tensei-pr247,NEW,worker-06,,,,,,,,A,N,failed,,pass,N/A,N/A
tensei-pr252,NEW,worker-06,,,,,,,,A,N,failed,,pass,N/A,N/A
tensei-pr267,NEW,worker-06,,,,,,,,A,N,failed,,pass,N/A,N/A
tensei-pr269,NEW,worker-06,,,,,,,,A,N,failed,,pass,N/A,N/A
the-graph-174,NEW,worker-01,,,,,,,,D,N,completed,unclear,fail,no,N/A
the-graph-74,NEW,worker-01,,,,,,,,A,N,completed,abnormal,pass,yes,match
the-graph-76,NEW,worker-01,,,,,,,,A,N,completed,unclear,pass,yes,match
the-graph-pr118,NEW,worker-01,,,,,,,,A,Y,completed,unclear,pass,yes,match
the-graph-pr122,NEW,worker-01,,,,,,,,D,N,completed,unclear,fail,no,N/A
the-graph-pr178,NEW,worker-01,,,,,,,,A,Y,completed,unclear,pass,yes,match
the-graph-pr366,NEW,worker-01,,,,,,,,A,Y,completed,abnormal,pass,yes,match
the-graph-pr380,NEW,worker-01,,,,,,,,A,N,completed,unclear,pass,yes,match
tikzcd-editor-45,NEW,worker-02,,,,,,,,A,N,completed,unclear,pass,yes,match
tikzcd-editor-7,NEW,worker-02,,,,,,,,A,N,completed,unclear,pass,yes,match
tikzcd-editor-pr5,NEW,worker-02,,,,,,,,D,N,completed,unclear,fail,no,N/A
tiny-editor-108,NEW,worker-07,,,,,,,,A,Y,completed,abnormal,pass,yes,match
tiny-editor-156,NEW,worker-01,,,,,,,,A,Y,completed,abnormal,pass,yes,match
tiny-editor-173,NEW,worker-02,,,,,,,,A,N,completed,abnormal,pass,yes,match
tiny-editor-197,NEW,worker-03,,,,,,,,A,N,completed,unclear,pass,yes,match
tiny-editor-201,NEW,worker-05,,,,,,,,A,N,failed,,pass,N/A,N/A
tiny-editor-294,NEW,worker-07,,,,,,,,D,N,completed,unclear,warn,no_result_desc,N/A
tiny-editor-417,NEW,worker-01,,,,,,,,D,N,completed,unclear,fail,no,N/A
tiny-editor-92,NEW,worker-09,,,,,,,,A,Y,completed,unclear,pass,yes,match
todo-angular-firebase-pr141,NEW,worker-07,,,,,,,,A,N,failed,,pass,N/A,N/A
todo-angular-firebase-pr6,NEW,worker-07,,,,,,,,A,N,failed,,pass,N/A,N/A
tracktor-47,NEW,worker-09,,,,,,,,A,Y,completed,abnormal,pass,yes,match
tracktor-pr139,NEW,worker-02,,,,,,,,D,N,completed,unclear,pass,no,N/A
turnstile-250,NEW,worker-07,,,,,,,,A,Y,completed,abnormal,pass,yes,match
turnstile-267,NEW,worker-07,,,,,,,,A,N,completed,normal,pass,yes,match
twin.macro-528,NEW,worker-02,,,,,,,,C,N,failed,,fail,N/A,N/A
twin.macro-576,NEW,worker-02,,,,,,,,C,N,failed,,fail,N/A,N/A
twin.macro-pr252,NEW,worker-02,,,,,,,,C,N,failed,,fail,N/A,N/A
twin.macro-pr692,NEW,worker-02,,,,,,,,C,N,failed,,fail,N/A,N/A
uimix-pr134,NEW,worker-02,,,,,,,,C,N,failed,,fail,N/A,N/A
uimix-pr164,NEW,worker-02,,,,,,,,C,N,failed,,fail,N/A,N/A
uimix-pr17,NEW,worker-02,,,,,,,,C,N,failed,,fail,N/A,N/A
uimix-pr178,NEW,worker-02,,,,,,,,C,N,failed,,fail,N/A,N/A
uimix-pr41,NEW,worker-02,,,,,,,,C,N,failed,,fail,N/A,N/A
uimix-pr50,NEW,worker-02,,,,,,,,C,N,failed,,fail,N/A,N/A
uimix-pr95,NEW,worker-02,,,,,,,,C,N,failed,,fail,N/A,N/A
universal-11,NEW,worker-09,,,,,,,,C,N,failed,,fail,N/A,N/A
universal-14,NEW,worker-09,,,,,,,,C,N,failed,,fail,N/A,N/A
unplugin-icons-178,NEW,worker-04,,,,,,,,A,Y,completed,normal,pass,yes,match
unplugin-icons-338,NEW,worker-03,,,,,,,,D,N,completed,abnormal,fail,no,N/A
unplugin-icons-pr316,NEW,worker-05,,,,,,,,A,N,completed,normal,pass,yes,no_data
unplugin-icons-pr320,NEW,worker-06,,,,,,,,C,N,deploy_failed,unclear,fail,no,N/A
unplugin-icons-pr356,NEW,worker-07,,,,,,,,A,Y,completed,abnormal,pass,yes,match
videogular2-286,NEW,worker-fabrice,,,,,,,,A,N,failed,,pass,N/A,N/A
videogular2-431,NEW,worker-fabrice,,,,,,,,A,N,failed,,pass,N/A,N/A
videogular2-641,NEW,worker-fabrice,,,,,,,,A,N,failed,,pass,N/A,N/A
videogular2-643,NEW,worker-fabrice,,,,,,,,A,N,failed,,pass,N/A,N/A
videogular2-691,NEW,worker-fabrice,,,,,,,,A,N,failed,,pass,N/A,N/A
videogular2-692,NEW,worker-fabrice,,,,,,,,A,N,failed,,pass,N/A,N/A
videogular2-pr696,NEW,worker-fabrice,,,,,,,,A,N,failed,,pass,N/A,N/A
videogular2-pr731,NEW,worker-fabrice,,,,,,,,A,N,failed,,pass,N/A,N/A
visual-drag-demo-39,NEW,worker-07,,,,,,,,A,Y,completed,abnormal,pass,yes,match
visual-drag-demo-pr122,NEW,worker-07,,,,,,,,A,Y,completed,normal,pass,yes,match
visual-drag-demo-pr133,NEW,worker-07,,,,,,,,D,N,completed,unclear,warn,no_result_desc,N/A
visual-drag-demo-pr142,NEW,worker-07,,,,,,,,A,Y,completed,abnormal,pass,yes,match
visual-drag-demo-pr27,NEW,worker-07,,,,,,,,A,Y,completed,abnormal,pass,yes,match
visual-drag-demo-pr28,NEW,worker-07,,,,,,,,A,N,completed,abnormal,pass,yes,match
visual-drag-demo-pr32,NEW,worker-07,,,,,,,,A,Y,completed,normal,pass,yes,match
vscode-drawio-53,NEW,worker-06,,,,,,,,A,N,failed,,pass,N/A,N/A
vscode-drawio-pr117,NEW,worker-06,,,,,,,,A,N,failed,,pass,N/A,N/A
vscode-drawio-pr152,NEW,worker-06,,,,,,,,A,N,failed,,pass,N/A,N/A
vscode-markdown-editor-pr144,NEW,worker-09,,,,,,,,C,N,failed,,fail,N/A,N/A
vue-antd-admin-215,NEW,worker-fabrice,,,,,,,,C,N,failed,,fail,N/A,N/A
vue-element-plus-admin-309,NEW,worker-04,,,,,,,,A,Y,completed,abnormal,pass,yes,match
vue-element-plus-admin-316,NEW,worker-01,,,,,,,,A,Y,completed,abnormal,pass,yes,match
vue-element-plus-admin-317,NEW,worker-02,,,,,,,,A,N,completed,unclear,pass,yes,match
vue-element-plus-admin-318,NEW,worker-03,,,,,,,,A,N,completed,unclear,pass,yes,match
vue-element-plus-admin-326,NEW,worker-04,,,,,,,,A,N,completed,unclear,pass,yes,match
vue-element-plus-admin-424,NEW,worker-05,,,,,,,,A,Y,completed,unclear,pass,yes,match
vue-element-plus-admin-428,NEW,worker-06,,,,,,,,A,Y,completed,unclear,pass,yes,match
vue-element-plus-admin-441,NEW,worker-04,,,,,,,,A,Y,completed,unclear,pass,yes,match
vue-notion-41,NEW,worker-06,,,,,,,,A,N,completed,unclear,pass,yes,match
vue-notion-pr46,NEW,worker-06,,,,,,,,D,N,completed,unclear,fail,no,N/A
vue-notion-pr57,NEW,worker-06,,,,,,,,D,N,completed,unclear,fail,no,N/A
vue-trix-1,NEW,worker-02,,,,,,,,A,Y,completed,normal,pass,yes,match
vue-trix-pr128,NEW,worker-02,,,,,,,,A,Y,completed,normal,pass,yes,match
vue-trix-pr18,NEW,worker-02,,,,,,,,D,N,completed,unclear,fail,no,N/A
vue-trix-pr35,NEW,worker-02,,,,,,,,A,Y,completed,normal,pass,yes,match
vuefinder-pr154,NEW,worker-07,,,,,,,,A,Y,completed,abnormal,pass,yes,match
vuefinder-pr158,NEW,worker-09,,,,,,,,A,Y,completed,abnormal,pass,yes,match
vuefinder-pr21,NEW,worker-09,,,,,,,,A,N,failed,,pass,N/A,N/A
vuefinder-pr35,NEW,worker-09,,,,,,,,A,N,failed,,pass,N/A,N/A
vuefinder-pr49,NEW,worker-09,,,,,,,,C,N,failed,,fail,N/A,N/A
vuefinder-pr8,NEW,worker-09,,,,,,,,C,N,failed,,fail,N/A,N/A
vuepress-theme-vdoing-pr432,NEW,worker-03,,,,,,,,A,Y,completed,normal,pass,yes,match
vuetable-2-pr17,NEW,worker-05,,,,,,,,A,Y,completed,unclear,pass,yes,match
vuetable-2-pr266,NEW,worker-09,,,,,,,,A,N,completed,unclear,pass,yes,match
vuetable-2-pr66,NEW,worker-09,,,,,,,,A,N,failed,,pass,N/A,N/A
vuetable-2-pr9,NEW,worker-09,,,,,,,,A,N,failed,,pass,N/A,N/A
vuetify-module-95,NEW,worker-06,,,,,,,,C,N,deploy_failed,unclear,fail,no,N/A
vuetify-module-pr230,NEW,worker-07,,,,,,,,A,Y,completed,normal,pass,yes,match
vuetify-module-pr300,NEW,worker-01,,,,,,,,D,N,completed,unclear,fail,no,N/A
webcodesk-srv-pr34,NEW,worker-fabrice,,,,,,,,A,Y,completed,unclear,pass,yes,match
webmail-189,NEW,worker-02,,,,,,,,C,N,failed,,fail,N/A,N/A
webmail-192,NEW,worker-02,,,,,,,,C,N,failed,,fail,N/A,N/A
webmail-196,NEW,worker-02,,,,,,,,C,N,failed,,fail,N/A,N/A
webmail-207,NEW,worker-02,,,,,,,,C,N,failed,,fail,N/A,N/A
webmail-84,NEW,worker-02,,,,,,,,C,N,failed,,fail,N/A,N/A
webmail-pr169,NEW,worker-02,,,,,,,,C,N,failed,,fail,N/A,N/A
whiteboard-113,NEW,worker-02,,,,,,,,A,Y,completed,abnormal,pass,yes,match
whiteboard-12,NEW,worker-02,,,,,,,,A,Y,completed,normal,pass,yes,match
whiteboard-13,NEW,worker-02,,,,,,,,A,Y,completed,normal,pass,yes,match
whiteboard-41,NEW,worker-02,,,,,,,,A,Y,completed,normal,pass,yes,match
wuffle-142,NEW,worker-02,,,,,,,,D,N,completed,unclear,fail,no,N/A
wuffle-161,NEW,worker-03,,,,,,,,D,N,completed,deploy_failed,fail,no,N/A
wuffle-245,NEW,worker-05,,,,,,,,D,N,completed,unclear,fail,no,N/A
wuffle-38,NEW,worker-04,,,,,,,,A,N,failed,,pass,N/A,N/A
wuffle-77,NEW,worker-04,,,,,,,,A,N,failed,,pass,N/A,N/A
wuffle-90,NEW,worker-04,,,,,,,,A,N,failed,,pass,N/A,N/A
wuffle-pr256,NEW,worker-04,,,,,,,,A,N,failed,,pass,N/A,N/A
wx-calendar-140,NEW,worker-08,,,,,,,,A,N,failed,,pass,N/A,N/A
wx-calendar-147,NEW,worker-08,,,,,,,,A,N,failed,,pass,N/A,N/A
wx-calendar-153,NEW,worker-08,,,,,,,,A,N,failed,,pass,N/A,N/A
wx-calendar-159,NEW,worker-08,,,,,,,,A,N,failed,,pass,N/A,N/A
wx-calendar-88,NEW,worker-08,,,,,,,,A,N,failed,,pass,N/A,N/A
wx-calendar-89,NEW,worker-08,,,,,,,,A,N,failed,,pass,N/A,N/A
wx-calendar-pr25,NEW,worker-08,,,,,,,,A,N,failed,,pass,N/A,N/A
wx_calendar-267,NEW,worker-07,,,,,,,,C,N,failed,,fail,N/A,N/A
wx_calendar-276,NEW,worker-07,,,,,,,,C,N,failed,,fail,N/A,N/A
wx_calendar-284,NEW,worker-07,,,,,,,,C,N,failed,,fail,N/A,N/A
wx_calendar-293,NEW,worker-07,,,,,,,,C,N,failed,,fail,N/A,N/A
wx_calendar-317,NEW,worker-07,,,,,,,,C,N,failed,,fail,N/A,N/A
wx_calendar-326,NEW,worker-07,,,,,,,,C,N,failed,,fail,N/A,N/A
wx_calendar-333,NEW,worker-07,,,,,,,,C,N,failed,,fail,N/A,N/A
wx_calendar-361,NEW,worker-07,,,,,,,,C,N,failed,,fail,N/A,N/A
x-render-597,NEW,worker-02,,,,,,,,C,N,failed,,fail,N/A,N/A
x-render-934,NEW,worker-02,,,,,,,,C,N,failed,,fail,N/A,N/A
x-render-pr1572,NEW,worker-02,,,,,,,,C,N,failed,,fail,N/A,N/A
x-render-pr1582,NEW,worker-02,,,,,,,,C,N,failed,,fail,N/A,N/A
x-render-pr1666,NEW,worker-02,,,,,,,,C,N,failed,,fail,N/A,N/A
x-render-pr1677,NEW,worker-02,,,,,,,,C,N,failed,,fail,N/A,N/A
x-render-pr1686,NEW,worker-02,,,,,,,,C,N,failed,,fail,N/A,N/A
x-render-pr1696,NEW,worker-02,,,,,,,,A,N,failed,,pass,N/A,N/A
zardui-207,NEW,worker-03,,,,,,,,A,Y,completed,abnormal,pass,yes,match
zardui-251,NEW,worker-03,,,,,,,,A,Y,completed,abnormal,pass,yes,match
zardui-418,NEW,worker-03,,,,,,,,A,Y,completed,abnormal,pass,yes,match
zardui-450,NEW,worker-03,,,,,,,,A,Y,completed,abnormal,pass,yes,match
zardui-451,NEW,worker-03,,,,,,,,A,Y,completed,abnormal,pass,yes,match
zardui-474,NEW,worker-03,,,,,,,,A,Y,completed,normal,pass,yes,match
zardui-491,NEW,worker-03,,,,,,,,A,Y,completed,unclear,pass,yes,match
zardui-500,NEW,worker-03,,,,,,,,A,Y,completed,normal,pass,yes,match
Analog-259,"CHANGED(grade,compliance)",worker-03,B,N,failed,,warn,N/A,N/A,C,N,failed,,fail,N/A,N/A
BongoCat-431,"CHANGED(grade,selected,compliance)",worker-fabrice,B,Y,completed,abnormal,warn,yes,match,C,N,completed,abnormal,fail,yes,match
BongoCat-438,CHANGED(grade),worker-05,B,N,failed,,warn,N/A,N/A,A,N,failed,,warn,N/A,N/A
BongoCat-499,CHANGED(trajectory_match),worker-06,A,N,completed,unclear,pass,yes,strong_match,A,N,completed,unclear,pass,yes,match
ByteStash-156,"CHANGED(grade,selected,compliance)",worker-09,B,Y,completed,normal,warn,yes,match,C,N,completed,normal,fail,yes,match
ByteStash-157,"CHANGED(grade,selected,compliance)",worker-05,B,Y,completed,unclear,warn,yes,match,C,N,completed,unclear,fail,yes,match
ByteStash-171,"CHANGED(grade,selected,compliance)",worker-03,B,Y,completed,abnormal,warn,yes,match,C,N,completed,abnormal,fail,yes,match
ByteStash-173,"CHANGED(grade,compliance)",worker-06,B,N,failed,,warn,N/A,N/A,C,N,failed,,fail,N/A,N/A
ByteStash-46,"CHANGED(grade,selected,compliance)",worker-05,B,Y,completed,abnormal,warn,yes,match,C,N,completed,abnormal,fail,yes,match
ByteStash-58,"CHANGED(grade,compliance,trajectory_match)",worker-05,B,N,completed,abnormal,warn,yes,strong_match,C,N,completed,abnormal,fail,yes,match
Dante-128,"CHANGED(grade,compliance)",worker-fabrice,B,N,failed,,warn,N/A,N/A,C,N,failed,,fail,N/A,N/A
Luckysheet-528,"CHANGED(grade,compliance)",worker-09,B,N,failed,,warn,N/A,N/A,C,N,failed,,fail,N/A,N/A
Markpad-21,"CHANGED(grade,selected,compliance)",worker-fabrice,B,Y,completed,unclear,warn,yes,match,C,N,completed,unclear,fail,yes,match
Nucleus-26,"CHANGED(grade,selected,compliance)",worker-09,B,Y,completed,unclear,warn,yes,match,C,N,completed,unclear,fail,yes,match
Piped-3715,"CHANGED(grade,selected,compliance)",worker-fabrice,B,Y,completed,unclear,warn,yes,match,C,N,completed,unclear,fail,yes,match
Piped-3941,CHANGED(trajectory_match),worker-09,A,N,completed,normal,pass,yes,strong_match,A,N,completed,normal,pass,yes,match
Piped-3969,CHANGED(trajectory_match),worker-09,A,N,completed,unclear,pass,yes,strong_match,A,N,completed,unclear,pass,yes,match
RapidRAW-658,CHANGED(grade),worker-02,B,N,failed,,warn,N/A,N/A,A,N,failed,,warn,N/A,N/A
Semantic-UI-React-3750,CHANGED(grade),worker-02,C,N,completed,normal,pass,yes,mismatch,A,N,completed,normal,pass,yes,mismatch
TiddlyWiki5-9521,CHANGED(trajectory_match),worker-08,D,N,completed,normal,pass,no,no_trajectory,D,N,completed,normal,pass,no,N/A
a11y.css-227,CHANGED(trajectory_match),worker-05,D,N,completed,unclear,warn,no,no_trajectory,D,N,completed,unclear,warn,no,N/A
accounts-ui-173,CHANGED(trajectory_match),worker-06,A,N,completed,unclear,pass,yes,strong_match,A,N,completed,unclear,pass,yes,match
animate-ui-129,CHANGED(trajectory_match),worker-fabrice,A,N,completed,unclear,pass,yes,partial,A,N,completed,unclear,pass,yes,match
ant-design-vue-7574,CHANGED(trajectory_match),worker-01,B,N,completed,unclear,warn,yes,strong_match,B,N,completed,unclear,warn,yes,match
apisix-dashboard-3321,CHANGED(trajectory_match),worker-01,D,N,completed,abnormal,fail,no,no_trajectory,D,N,completed,abnormal,fail,no,N/A
beercss-532,CHANGED(grade),worker-05,C,N,completed,abnormal,pass,yes,mismatch,A,N,completed,abnormal,pass,yes,mismatch
beercss-539,CHANGED(trajectory_match),worker-05,B,N,completed,unclear,warn,yes,strong_match,B,N,completed,unclear,warn,yes,match
beercss-558,CHANGED(trajectory_match),worker-05,D,N,completed,unclear,pass,no,no_trajectory,D,N,completed,unclear,pass,no,N/A
calendar-401,CHANGED(trajectory_match),worker-05,B,N,completed,unclear,warn,yes,strong_match,B,N,completed,unclear,warn,yes,match
cboard-1752,CHANGED(grade),worker-03,C,N,completed,abnormal,pass,yes,mismatch,A,N,completed,abnormal,pass,yes,mismatch
cryptgeon-150,"CHANGED(grade,compliance)",worker-06,B,N,failed,,warn,N/A,N/A,C,N,failed,,fail,N/A,N/A
ebook-reader-287,"CHANGED(grade,trajectory_match)",worker-05,C,N,completed,unclear,warn,yes,mismatch,B,N,completed,unclear,warn,yes,match
editor-1842,CHANGED(grade),worker-06,B,N,failed,,warn,N/A,N/A,A,N,failed,,warn,N/A,N/A
editor-542,"CHANGED(compliance,trajectory_match)",worker-09,C,N,completed,abnormal,warn,yes,mismatch,C,N,completed,abnormal,fail,yes,match
editor-893,"CHANGED(grade,selected,compliance)",worker-09,B,Y,completed,normal,warn,yes,match,C,N,completed,normal,fail,yes,match
editor.js-2084,"CHANGED(grade,trajectory_match)",worker-02,C,N,completed,abnormal,pass,yes,mismatch,A,N,completed,abnormal,pass,yes,match
elements-874,CHANGED(grade),worker-04,B,N,failed,,warn,N/A,N/A,A,N,failed,,warn,N/A,N/A
emoji-mart-218,"CHANGED(grade,trajectory_match)",worker-03,C,N,completed,abnormal,warn,yes,mismatch,B,N,completed,abnormal,warn,yes,match
emoji-mart-219,"CHANGED(grade,compliance)",worker-06,B,N,failed,,warn,N/A,N/A,C,N,failed,,fail,N/A,N/A
emoji-mart-220,"CHANGED(grade,trajectory_match)",worker-09,C,N,completed,abnormal,pass,yes,mismatch,A,N,completed,abnormal,pass,yes,match
emoji-mart-254,"CHANGED(grade,compliance)",worker-06,B,N,failed,,warn,N/A,N/A,C,N,failed,,fail,N/A,N/A
emoji-mart-327,"CHANGED(grade,compliance)",worker-06,B,N,failed,,warn,N/A,N/A,C,N,failed,,fail,N/A,N/A
emoji-mart-762,"CHANGED(grade,compliance)",worker-06,B,N,failed,,warn,N/A,N/A,C,N,failed,,fail,N/A,N/A
factoriolab-1327,CHANGED(trajectory_match),worker-06,A,N,completed,abnormal,pass,yes,strong_match,A,N,completed,abnormal,pass,yes,match
gateway-2079,CHANGED(grade),worker-04,B,N,failed,,warn,N/A,N/A,A,N,failed,,warn,N/A,N/A
gateway-2366,CHANGED(grade),worker-04,B,N,failed,,warn,N/A,N/A,A,N,failed,,warn,N/A,N/A
gateway-2940,CHANGED(grade),worker-04,B,N,failed,,warn,N/A,N/A,A,N,failed,,warn,N/A,N/A
gateway-3037,CHANGED(grade),worker-04,B,N,failed,,warn,N/A,N/A,A,N,failed,,warn,N/A,N/A
gateway-3122,CHANGED(grade),worker-04,B,N,failed,,warn,N/A,N/A,A,N,failed,,warn,N/A,N/A
gitlight-131,CHANGED(trajectory_match),worker-08,D,N,completed,unclear,pass,no,no_trajectory,D,N,completed,unclear,pass,no,N/A
helpdesk-2669,CHANGED(grade),worker-04,B,N,failed,,warn,N/A,N/A,A,N,failed,,warn,N/A,N/A
ide-9,CHANGED(trajectory_match),worker-fabrice,D,N,completed,unclear,warn,no,no_trajectory,D,N,completed,unclear,warn,no,N/A
insights-647,CHANGED(grade),worker-04,B,N,failed,,warn,N/A,N/A,A,N,failed,,warn,N/A,N/A
insights-744,CHANGED(grade),worker-04,B,N,failed,,warn,N/A,N/A,A,N,failed,,warn,N/A,N/A
jodit-1327,CHANGED(trajectory_match),worker-01,A,N,completed,abnormal,pass,yes,partial,A,N,completed,abnormal,pass,yes,match
jodit-1335,CHANGED(has_trajectory),worker-02,C,N,done,,fail,yes,N/A,C,N,done,,fail,no,N/A
kalendar-75,"CHANGED(grade,compliance,trajectory_match)",worker-09,B,N,completed,normal,warn,yes,strong_match,C,N,completed,normal,fail,yes,match
kan-206,"CHANGED(grade,selected,compliance)",worker-08,B,Y,completed,normal,warn,yes,match,C,N,completed,normal,fail,yes,match
kan-23,"CHANGED(grade,compliance)",worker-06,B,N,failed,,warn,N/A,N/A,C,N,failed,,fail,N/A,N/A
kan-242,"CHANGED(grade,selected,compliance)",worker-08,B,Y,completed,unclear,warn,yes,match,C,N,completed,unclear,fail,yes,match
kan-27,"CHANGED(grade,compliance)",worker-08,B,N,failed,,warn,N/A,N/A,C,N,failed,,fail,N/A,N/A
kan-30,"CHANGED(grade,compliance)",worker-08,B,N,failed,,warn,N/A,N/A,C,N,failed,,fail,N/A,N/A
lumen-300,CHANGED(trajectory_match),worker-08,D,N,completed,unclear,pass,no,no_trajectory,D,N,completed,unclear,pass,no,N/A
maplibre-gl-js-4853,CHANGED(trajectory_match),worker-04,A,N,completed,abnormal,pass,yes,partial,A,N,completed,abnormal,pass,yes,match
media-chrome-697,CHANGED(trajectory_match),worker-fabrice,D,N,completed,unclear,warn,no,no_trajectory,D,N,completed,unclear,warn,no,N/A
medium-editor-1047,"CHANGED(grade,selected,compliance)",worker-fabrice,B,Y,completed,normal,warn,yes,match,C,N,completed,normal,fail,yes,match
medium-editor-711,CHANGED(trajectory_match),worker-06,A,N,completed,unclear,pass,yes,strong_match,A,N,completed,unclear,pass,yes,match
medium-editor-757,CHANGED(trajectory_match),worker-06,A,N,completed,unclear,pass,yes,strong_match,A,N,completed,unclear,pass,yes,match
medium-editor-959,CHANGED(trajectory_match),worker-06,A,N,completed,abnormal,pass,yes,strong_match,A,N,completed,abnormal,pass,yes,match
mini-qr-219,CHANGED(trajectory_match),worker-01,D,N,completed,unclear,fail,no,no_trajectory,D,N,completed,unclear,fail,no,N/A
mint-ui-577,CHANGED(trajectory_match),worker-06,A,N,completed,unclear,pass,yes,strong_match,A,N,completed,unclear,pass,yes,match
monaco-editor-auto-typings-32,"CHANGED(grade,compliance)",worker-06,B,N,failed,,warn,N/A,N/A,C,N,failed,,fail,N/A,N/A
multiple-select-355,CHANGED(grade),worker-02,B,N,failed,,warn,N/A,N/A,A,N,failed,,warn,N/A,N/A
multiple-select-407,CHANGED(grade),worker-09,C,N,completed,normal,pass,yes,mismatch,A,N,completed,normal,pass,yes,mismatch
next-redux-wrapper-325,"CHANGED(grade,selected,compliance)",worker-03,B,Y,completed,normal,warn,yes,match,C,N,completed,normal,fail,yes,match
nuxt-module-220,CHANGED(trajectory_match),worker-03,B,N,completed,normal,warn,yes,partial,B,N,completed,normal,warn,yes,match
nuxt-security-494,CHANGED(trajectory_match),worker-01,A,N,completed,unclear,pass,yes,strong_match,A,N,completed,unclear,pass,yes,match
onlook-2574,CHANGED(grade),worker-04,B,N,failed,,warn,N/A,N/A,A,N,failed,,warn,N/A,N/A
open5e-622,"CHANGED(compliance,trajectory_match)",worker-07,D,N,completed,unclear,warn,no,no_data,D,N,completed,unclear,fail,no,N/A
open5e-716,CHANGED(grade),worker-02,C,N,completed,abnormal,warn,yes,mismatch,B,N,completed,abnormal,warn,yes,mismatch
open5e-721,"CHANGED(grade,selected,compliance)",worker-02,B,Y,completed,abnormal,warn,yes,match,C,N,completed,abnormal,fail,yes,match
open5e-747,"CHANGED(grade,selected,compliance)",worker-02,B,Y,completed,abnormal,warn,yes,match,C,N,completed,abnormal,fail,yes,match
open5e-803,"CHANGED(grade,selected,compliance)",worker-02,B,Y,completed,abnormal,warn,yes,match,C,N,completed,abnormal,fail,yes,match
openclaw-nerve-140,CHANGED(trajectory_match),worker-08,D,N,completed,unclear,pass,no,no_trajectory,D,N,completed,unclear,pass,no,N/A
openclaw-nerve-27,CHANGED(grade),worker-09,C,N,completed,abnormal,pass,yes,mismatch,A,N,completed,abnormal,pass,yes,mismatch
org-chart-215,"CHANGED(grade,selected,compliance)",worker-09,B,Y,completed,unclear,warn,yes,match,C,N,completed,unclear,fail,yes,match
org-chart-290,CHANGED(trajectory_match),worker-07,D,N,completed,unclear,pass,no,no_data,D,N,completed,unclear,pass,no,N/A
org-chart-69,"CHANGED(grade,selected,compliance)",worker-09,B,Y,completed,unclear,warn,yes,match,C,N,completed,unclear,fail,yes,match
react-modern-calendar-datepicker-88,CHANGED(trajectory_match),worker-fabrice,A,N,completed,unclear,pass,yes,partial,A,N,completed,unclear,pass,yes,match
react-timeline-9000-35,CHANGED(trajectory_match),worker-08,D,N,completed,unclear,pass,no,no_trajectory,D,N,completed,unclear,pass,no,N/A
react-virtualized-1375,CHANGED(trajectory_match),worker-01,A,N,completed,unclear,pass,yes,strong_match,A,N,completed,unclear,pass,yes,match
reactgrid-302,CHANGED(trajectory_match),worker-fabrice,B,N,completed,unclear,warn,yes,partial,B,N,completed,unclear,warn,yes,error
rich-markdown-editor-302,CHANGED(trajectory_match),worker-02,A,N,completed,unclear,pass,yes,partial,A,N,completed,unclear,pass,yes,match
rich-markdown-editor-350,CHANGED(trajectory_match),worker-02,A,N,completed,unclear,pass,yes,partial,A,N,completed,unclear,pass,yes,match
rich-markdown-editor-489,CHANGED(trajectory_match),worker-02,D,N,completed,unclear,pass,no,no_trajectory,D,N,completed,unclear,pass,no,N/A
shadcn-admin-134,"CHANGED(grade,selected,compliance)",worker-09,B,Y,completed,abnormal,warn,yes,match,C,N,completed,abnormal,fail,yes,match
shadcn-admin-136,"CHANGED(grade,selected,compliance)",worker-09,B,Y,completed,normal,warn,yes,match,C,N,completed,normal,fail,yes,match
shadcn-ui-expansions-171,"CHANGED(grade,selected,compliance)",worker-09,B,Y,completed,normal,warn,yes,match,C,N,completed,normal,fail,yes,match
shadcn-ui-expansions-205,"CHANGED(grade,selected,compliance)",worker-09,B,Y,completed,normal,warn,yes,match,C,N,completed,normal,fail,yes,match
slickgpt-38,"CHANGED(grade,compliance)",worker-07,B,N,failed,,warn,N/A,N/A,C,N,failed,,fail,N/A,N/A
svelte-splitpanes-3,"CHANGED(grade,compliance)",worker-05,B,N,failed,,warn,N/A,N/A,C,N,failed,,fail,N/A,N/A
svelte-tags-input-17,CHANGED(trajectory_match),worker-05,A,N,completed,abnormal,pass,yes,partial,A,N,completed,abnormal,pass,yes,match
svelte-typeahead-11,CHANGED(trajectory_match),worker-05,D,N,completed,unclear,pass,no,no_trajectory,D,N,completed,unclear,pass,no,N/A
tailwindcss-987,CHANGED(grade),worker-08,C,N,completed,abnormal,pass,yes,mismatch,A,N,completed,abnormal,pass,yes,mismatch
trix-265,"CHANGED(grade,selected,trajectory_match)",worker-04,B,N,completed,normal,pass,yes,error,A,Y,completed,normal,pass,yes,match
trix-554,"CHANGED(grade,selected,trajectory_match)",worker-04,B,N,completed,abnormal,pass,yes,error,A,Y,completed,abnormal,pass,yes,match
vcal-350,CHANGED(grade),worker-fabrice,C,N,completed,normal,pass,yes,mismatch,A,N,completed,normal,pass,yes,mismatch
vue-hotel-datepicker-281,CHANGED(trajectory_match),worker-07,B,N,completed,abnormal,warn,yes,strong_match,B,N,completed,abnormal,warn,yes,match
vue-pdf-125,CHANGED(trajectory_match),worker-09,D,N,completed,unclear,pass,no,no_trajectory,D,N,completed,unclear,pass,no,N/A
vue-pdf-98,CHANGED(trajectory_match),worker-08,D,N,completed,unclear,pass,no,no_trajectory,D,N,completed,unclear,pass,no,N/A
vue-slick-carousel-63,CHANGED(trajectory_match),worker-08,D,N,completed,abnormal,pass,no,no_trajectory,D,N,completed,abnormal,pass,no,N/A
website-4366,CHANGED(grade),worker-09,C,N,completed,normal,pass,yes,mismatch,A,N,completed,normal,pass,yes,mismatch
website-5139,"CHANGED(grade,selected,trajectory_match)",worker-04,B,N,completed,abnormal,pass,yes,error,A,Y,completed,abnormal,pass,yes,match
