task_id,file,worker,status,mano_cua_status,mano_cua_result,total_steps,compliance,compliance_issues,has_trajectory,trajectory_match,match_confidence,is_duplicate,grade,selected
beautiful-react-hooks-pr368,worker-01/beautiful-react-hooks-pr368.json,worker-01,completed,COMPLETED,abnormal,28,pass,,yes,match,,no,A,Y
beautiful-react-hooks-pr384,worker-01/beautiful-react-hooks-pr384.json,worker-01,completed,COMPLETED,unclear,12,pass,,yes,match,,no,A,Y
beautiful-react-hooks-pr396,worker-01/beautiful-react-hooks-pr396.json,worker-01,completed,COMPLETED,normal,5,pass,,yes,match,,no,A,Y
beautiful-react-hooks-pr426,worker-01/beautiful-react-hooks-pr426.json,worker-01,completed,COMPLETED,unclear,19,pass,,yes,match,,no,A,Y
hassio-trash-card-410,worker-01/hassio-trash-card-410.json,worker-01,failed,,,,pass,,N/A,N/A,,no,A,N
hassio-trash-card-413,worker-01/hassio-trash-card-413.json,worker-01,failed,,,,pass,,N/A,N/A,,no,A,N
hassio-trash-card-441,worker-01/hassio-trash-card-441.json,worker-01,failed,,,,pass,,N/A,N/A,,no,A,N
hassio-trash-card-548,worker-01/hassio-trash-card-548.json,worker-01,failed,,,,pass,,N/A,N/A,,no,A,N
hastic-grafana-app-239,worker-01/hastic-grafana-app-239.json,worker-01,failed,,,,pass,,N/A,N/A,,no,A,N
hastic-grafana-app-401,worker-01/hastic-grafana-app-401.json,worker-01,failed,,,,pass,,N/A,N/A,,no,A,N
laverna-540,worker-01/laverna-540.json,worker-01,completed,COMPLETED,unclear,24,pass,,yes,match,,no,A,Y
laverna-850,worker-01/laverna-850.json,worker-01,failed,,,,pass,,N/A,N/A,,no,A,N
laverna-pr669,worker-01/laverna-pr669.json,worker-01,failed,,,,pass,,N/A,N/A,,no,A,N
laverna-pr887,worker-01/laverna-pr887.json,worker-01,failed,,,,pass,,N/A,N/A,,no,A,N
leaflet-geoman-1348,worker-01/leaflet-geoman-1348.json,worker-01,completed,ERROR,abnormal,37,pass,,no_result_desc,N/A,,no,D,N
leaflet-geoman-1423,worker-01/leaflet-geoman-1423.json,worker-01,completed,STOPPED_BY_USER,unclear,39,pass,,yes,match,,no,A,N
leaflet-geoman-1478,worker-01/leaflet-geoman-1478.json,worker-01,completed,COMPLETED,unclear,24,pass,,yes,match,,no,A,Y
leaflet-geoman-1508,worker-01/leaflet-geoman-1508.json,worker-01,completed,COMPLETED,normal,13,pass,,yes,match,,no,A,Y
leaflet-geoman-1521,worker-01/leaflet-geoman-1521.json,worker-01,completed,COMPLETED,normal,11,pass,,yes,mismatch,,no,A,N
leaflet-geoman-1559,worker-01/leaflet-geoman-1559.json,worker-01,completed,COMPLETED,unclear,57,pass,,yes,match,,no,A,Y
leaflet-geoman-1568,worker-01/leaflet-geoman-1568.json,worker-01,completed,COMPLETED,abnormal,37,pass,,yes,match,,no,A,Y
leaflet-geoman-202,worker-01/leaflet-geoman-202.json,worker-01,completed,COMPLETED,normal,20,pass,,yes,match,,no,A,Y
mapbox-gl-draw-1124,worker-01/mapbox-gl-draw-1124.json,worker-01,failed,,,,fail,"#7, #16",N/A,N/A,,no,C,N
mapbox-gl-draw-571,worker-01/mapbox-gl-draw-571.json,worker-01,failed,,,,fail,"#7, #16",N/A,N/A,,no,C,N
ngx-quill-pr1293,worker-01/ngx-quill-pr1293.json,worker-01,failed,,,,pass,,N/A,N/A,,no,A,N
ngx-quill-pr1308,worker-01/ngx-quill-pr1308.json,worker-01,failed,,,,pass,,N/A,N/A,,no,A,N
ngx-quill-pr1841,worker-01/ngx-quill-pr1841.json,worker-01,failed,,,,pass,,N/A,N/A,,no,A,N
ngx-quill-pr1877,worker-01/ngx-quill-pr1877.json,worker-01,failed,,,,pass,,N/A,N/A,,no,A,N
ngx-quill-pr1889,worker-01/ngx-quill-pr1889.json,worker-01,failed,,,,pass,,N/A,N/A,,no,A,N
ngx-quill-pr1951,worker-01/ngx-quill-pr1951.json,worker-01,failed,,,,pass,,N/A,N/A,,no,A,N
npmcharts.com-83,worker-01/npmcharts.com-83.json,worker-01,completed,COMPLETED,normal,13,pass,,yes,match,,no,A,Y
npmcharts.com-pr127,worker-01/npmcharts.com-pr127.json,worker-01,completed,COMPLETED,abnormal,8,pass,,yes,match,,no,A,Y
npmcharts.com-pr187,worker-01/npmcharts.com-pr187.json,worker-01,failed,,,,pass,,N/A,N/A,,no,A,N
npmcharts.com-pr89,worker-01/npmcharts.com-pr89.json,worker-01,completed,COMPLETED,abnormal,33,pass,,yes,match,,no,A,Y
page-assist-684,worker-01/page-assist-684.json,worker-01,failed,,,,pass,,N/A,N/A,,no,A,N
page-assist-800,worker-01/page-assist-800.json,worker-01,failed,,,,pass,,N/A,N/A,,no,A,N
page-assist-pr134,worker-01/page-assist-pr134.json,worker-01,failed,,,,pass,,N/A,N/A,,no,A,N
page-assist-pr323,worker-01/page-assist-pr323.json,worker-01,failed,,,,pass,,N/A,N/A,,no,A,N
page-assist-pr74,worker-01/page-assist-pr74.json,worker-01,failed,,,,pass,,N/A,N/A,,no,A,N
page-assist-pr757,worker-01/page-assist-pr757.json,worker-01,failed,,,,pass,,N/A,N/A,,no,A,N
quicktype-142,worker-01/quicktype-142.json,worker-01,failed,,,,pass,,N/A,N/A,,no,A,N
quicktype-455,worker-01/quicktype-455.json,worker-01,failed,,,,pass,,N/A,N/A,,no,A,N
quicktype-497,worker-01/quicktype-497.json,worker-01,failed,,,,pass,,N/A,N/A,,no,A,N
quicktype-523,worker-01/quicktype-523.json,worker-01,failed,,,,pass,,N/A,N/A,,no,A,N
react-notion-x-pr591,worker-01/react-notion-x-pr591.json,worker-01,failed,,,,pass,,N/A,N/A,,no,A,N
react-notion-x-pr677,worker-01/react-notion-x-pr677.json,worker-01,completed,COMPLETED,unclear,69,pass,,yes,match,,no,A,Y
react-notion-x-pr690,worker-01/react-notion-x-pr690.json,worker-01,failed,,,,pass,,N/A,N/A,,no,A,N
react-notion-x-pr691,worker-01/react-notion-x-pr691.json,worker-01,failed,,,,pass,,N/A,N/A,,no,A,N
react-notion-x-pr692,worker-01/react-notion-x-pr692.json,worker-01,failed,,,,pass,,N/A,N/A,,no,A,N
react-notion-x-pr693,worker-01/react-notion-x-pr693.json,worker-01,failed,,,,pass,,N/A,N/A,,no,A,N
react-notion-x-pr694,worker-01/react-notion-x-pr694.json,worker-01,failed,,,,pass,,N/A,N/A,,no,A,N
react-notion-x-pr697,worker-01/react-notion-x-pr697.json,worker-01,failed,,,,pass,,N/A,N/A,,no,A,N
svelte-sonner-31,worker-01/svelte-sonner-31.json,worker-01,completed,COMPLETED,abnormal,66,pass,,yes,match,,no,A,Y
svelte-sonner-pr150,worker-01/svelte-sonner-pr150.json,worker-01,completed,COMPLETED,normal,19,pass,,yes,match,,no,A,Y
svelte-sonner-pr173,worker-01/svelte-sonner-pr173.json,worker-01,completed,STOPPED_BY_USER,unclear,41,pass,,no_result_desc,N/A,,no,D,N
svelte-sonner-pr57,worker-01/svelte-sonner-pr57.json,worker-01,completed,STOPPED_BY_USER,unclear,65,pass,,yes,match,,no,A,N
svelte-sonner-pr71,worker-01/svelte-sonner-pr71.json,worker-01,completed,COMPLETED,abnormal,16,pass,,yes,match,,no,A,Y
svelte-sonner-pr83,worker-01/svelte-sonner-pr83.json,worker-01,completed,COMPLETED,abnormal,32,pass,,yes,match,,no,A,Y
svelte-sonner-pr88,worker-01/svelte-sonner-pr88.json,worker-01,completed,COMPLETED,unclear,29,pass,,yes,match,,no,A,Y
svelte-sonner-pr99,worker-01/svelte-sonner-pr99.json,worker-01,completed,STOPPED_BY_USER,unclear,49,pass,,yes,match,,no,A,N
the-graph-174,worker-01/the-graph-174.json,worker-01,completed,STOPPED_BY_USER,unclear,80,pass,,no_result_desc,N/A,,no,D,N
the-graph-74,worker-01/the-graph-74.json,worker-01,completed,STOPPED_BY_USER,abnormal,80,pass,,yes,match,,no,A,N
the-graph-76,worker-01/the-graph-76.json,worker-01,completed,STOPPED_BY_USER,unclear,79,pass,,yes,match,,no,A,N
the-graph-pr118,worker-01/the-graph-pr118.json,worker-01,completed,COMPLETED,unclear,51,pass,,yes,match,,no,A,Y
the-graph-pr122,worker-01/the-graph-pr122.json,worker-01,completed,ERROR,unclear,58,pass,,no_result_desc,N/A,,no,D,N
the-graph-pr178,worker-01/the-graph-pr178.json,worker-01,completed,COMPLETED,unclear,72,pass,,yes,match,,no,A,Y
the-graph-pr366,worker-01/the-graph-pr366.json,worker-01,completed,COMPLETED,abnormal,20,pass,,yes,match,,no,A,Y
the-graph-pr380,worker-01/the-graph-pr380.json,worker-01,completed,STOPPED_BY_USER,unclear,76,pass,,yes,match,,no,A,N
CatColab-1026,worker-02/CatColab-1026.json,worker-02,failed,,,,warn,#16,N/A,N/A,,no,A,N
CatColab-1124,worker-02/CatColab-1124.json,worker-02,failed,,,,pass,,N/A,N/A,,no,A,N
CatColab-579,worker-02/CatColab-579.json,worker-02,failed,,,,pass,,N/A,N/A,,no,A,N
CatColab-732,worker-02/CatColab-732.json,worker-02,failed,,,,pass,,N/A,N/A,,no,A,N
CatColab-796,worker-02/CatColab-796.json,worker-02,failed,,,,pass,,N/A,N/A,,no,A,N
CatColab-797,worker-02/CatColab-797.json,worker-02,failed,,,,pass,,N/A,N/A,,no,A,N
CatColab-819,worker-02/CatColab-819.json,worker-02,failed,,,,pass,,N/A,N/A,,no,A,N
CatColab-828,worker-02/CatColab-828.json,worker-02,failed,,,,pass,,N/A,N/A,,no,A,N
calendar-card-pro-169,worker-02/calendar-card-pro-169.json,worker-02,failed,,,,pass,,N/A,N/A,,no,A,N
calendar-card-pro-174,worker-02/calendar-card-pro-174.json,worker-02,failed,,,,pass,,N/A,N/A,,no,A,N
calendar-card-pro-175,worker-02/calendar-card-pro-175.json,worker-02,failed,,,,pass,,N/A,N/A,,no,A,N
calendar-card-pro-180,worker-02/calendar-card-pro-180.json,worker-02,failed,,,,pass,,N/A,N/A,,no,A,N
calendar-card-pro-214,worker-02/calendar-card-pro-214.json,worker-02,failed,,,,pass,,N/A,N/A,,no,A,N
calendar-card-pro-219,worker-02/calendar-card-pro-219.json,worker-02,failed,,,,pass,,N/A,N/A,,no,A,N
calendar-card-pro-252,worker-02/calendar-card-pro-252.json,worker-02,failed,,,,pass,,N/A,N/A,,no,A,N
calendar-card-pro-259,worker-02/calendar-card-pro-259.json,worker-02,failed,,,,pass,,N/A,N/A,,no,A,N
components-127,worker-02/components-127.json,worker-02,completed,KILLED,unclear,38,pass,,yes,match,,no,A,N
components-pr172,worker-02/components-pr172.json,worker-02,completed,COMPLETED,unclear,45,pass,,yes,error,,no,A,N
components-pr201,worker-02/components-pr201.json,worker-02,completed,COMPLETED,unclear,54,pass,,yes,match,,no,A,Y
components-pr30,worker-02/components-pr30.json,worker-02,completed,ERROR,unclear,11,pass,,yes,match,,no,A,N
components-pr54,worker-02/components-pr54.json,worker-02,completed,KILLED,unclear,62,pass,,yes,match,,no,A,N
editable-64,worker-02/editable-64.json,worker-02,completed,COMPLETED,normal,7,pass,,yes,error,,no,A,N
editable-72,worker-02/editable-72.json,worker-02,failed,,,,fail,"#2, #7",N/A,N/A,,no,C,N
editable-81,worker-02/editable-81.json,worker-02,completed,SKIPPED,unclear,0,fail,#6,no,N/A,,no,D,N
editable-pr129,worker-02/editable-pr129.json,worker-02,failed,,,,fail,"#2, #7",N/A,N/A,,no,C,N
fonts-135,worker-02/fonts-135.json,worker-02,failed,,,,pass,,N/A,N/A,,no,A,N
fonts-240,worker-02/fonts-240.json,worker-02,failed,,,,warn,#16,N/A,N/A,,no,A,N
fonts-242,worker-02/fonts-242.json,worker-02,failed,,,,pass,,N/A,N/A,,no,A,N
fonts-291,worker-02/fonts-291.json,worker-02,failed,,,,pass,,N/A,N/A,,no,A,N
jingo-261,worker-02/jingo-261.json,worker-02,completed,COMPLETED,abnormal,1,pass,,yes,match,,no,A,Y
jingo-pr189,worker-02/jingo-pr189.json,worker-02,completed,STOPPED_BY_TIMEOUT,unclear,20,pass,,no_result_desc,N/A,,no,D,N
jingo-pr222,worker-02/jingo-pr222.json,worker-02,completed,STOPPED_BY_TIMEOUT,abnormal,22,pass,,yes,match,,no,A,N
jingo-pr28,worker-02/jingo-pr28.json,worker-02,completed,COMPLETED,abnormal,18,pass,,yes,match,,no,A,Y
jingo-pr50,worker-02/jingo-pr50.json,worker-02,completed,ERROR,unclear,92,warn,#10,yes,match,,no,B,N
jingo-pr88,worker-02/jingo-pr88.json,worker-02,completed,COMPLETED,abnormal,11,pass,,yes,match,,no,A,Y
kirimase-163,worker-02/kirimase-163.json,worker-02,deploy_failed,,,,fail,"#2, #3",no,N/A,,no,C,N
mavonEditor-649,worker-02/mavonEditor-649.json,worker-02,completed,STOPPED_BY_USER,unclear,26,fail,#4,no_result_desc,N/A,,no,D,N
mavonEditor-729,worker-02/mavonEditor-729.json,worker-02,completed,STOPPED_BY_USER,unclear,47,fail,#4,no_result_desc,N/A,,no,D,N
mavonEditor-737,worker-02/mavonEditor-737.json,worker-02,failed,,,,fail,#7,N/A,N/A,,no,C,N
mavonEditor-pr640,worker-02/mavonEditor-pr640.json,worker-02,completed,STOPPED_BY_USER,unclear,38,fail,#4,no_result_desc,N/A,,no,D,N
mavonEditor-pr661,worker-02/mavonEditor-pr661.json,worker-02,completed,STOPPED_BY_TIMEOUT,unclear,37,pass,,no_result_desc,N/A,,no,D,N
mavonEditor-pr667,worker-02/mavonEditor-pr667.json,worker-02,completed,STOPPED_BY_TIMEOUT,unclear,32,pass,,yes,error,,no,A,N
mavonEditor-pr717,worker-02/mavonEditor-pr717.json,worker-02,completed,SKIPPED,unclear,0,fail,"#4, #6",no,N/A,,no,D,N
mavonEditor-pr748,worker-02/mavonEditor-pr748.json,worker-02,completed,COMPLETED,normal,6,pass,,yes,match,,no,A,Y
mean-1328,worker-02/mean-1328.json,worker-02,failed,,,,pass,,N/A,N/A,,no,A,N
mean-pr1377,worker-02/mean-pr1377.json,worker-02,failed,,,,pass,,N/A,N/A,,no,A,N
mean-pr1402,worker-02/mean-pr1402.json,worker-02,failed,,,,pass,,N/A,N/A,,no,A,N
mean-pr1408,worker-02/mean-pr1408.json,worker-02,failed,,,,pass,,N/A,N/A,,no,A,N
mean-pr1433,worker-02/mean-pr1433.json,worker-02,failed,,,,pass,,N/A,N/A,,no,A,N
mean-pr1723,worker-02/mean-pr1723.json,worker-02,failed,,,,pass,,N/A,N/A,,no,A,N
mean-pr1846,worker-02/mean-pr1846.json,worker-02,failed,,,,pass,,N/A,N/A,,no,A,N
mean-pr2045,worker-02/mean-pr2045.json,worker-02,failed,,,,pass,,N/A,N/A,,no,A,N
mini-media-player-784,worker-02/mini-media-player-784.json,worker-02,deploy_failed,,,,fail,"#2, #3",no,N/A,,no,C,N
mission-control-321,worker-02/mission-control-321.json,worker-02,completed,COMPLETED,abnormal,16,pass,,yes,match,,no,A,Y
mission-control-333,worker-02/mission-control-333.json,worker-02,completed,COMPLETED,normal,8,pass,,yes,match,,no,A,Y
mission-control-368,worker-02/mission-control-368.json,worker-02,completed,COMPLETED,abnormal,20,pass,,yes,match,,no,A,Y
mission-control-456,worker-02/mission-control-456.json,worker-02,completed,STOPPED_BY_TIMEOUT,unclear,44,pass,,no_result_desc,N/A,,no,D,N
mission-control-461,worker-02/mission-control-461.json,worker-02,completed,COMPLETED,abnormal,31,pass,,yes,match,,no,A,Y
mission-control-467,worker-02/mission-control-467.json,worker-02,completed,COMPLETED,abnormal,20,pass,,yes,match,,no,A,Y
react-boilerplate-126,worker-02/react-boilerplate-126.json,worker-02,completed,COMPLETED,abnormal,24,pass,,yes,mismatch,,no,A,N
react-boilerplate-pr2601,worker-02/react-boilerplate-pr2601.json,worker-02,completed,COMPLETED,normal,10,pass,,yes,match,,no,A,Y
react-boilerplate-pr2810,worker-02/react-boilerplate-pr2810.json,worker-02,completed,SKIPPED,unclear,0,fail,#6,no,N/A,,no,D,N
react-boilerplate-pr2818,worker-02/react-boilerplate-pr2818.json,worker-02,completed,COMPLETED,normal,12,pass,,yes,match,,no,A,Y
react-slick-1356,worker-02/react-slick-1356.json,worker-02,completed,COMPLETED,abnormal,27,pass,,yes,match,,no,A,Y
react-slick-1874,worker-02/react-slick-1874.json,worker-02,completed,STOPPED_BY_TIMEOUT,unclear,19,pass,,yes,match,,no,A,N
react-slick-1881,worker-02/react-slick-1881.json,worker-02,completed,STOPPED_BY_TIMEOUT,normal,15,pass,,yes,mismatch,,no,A,N
react-slick-pr2149,worker-02/react-slick-pr2149.json,worker-02,completed,STOPPED_BY_TIMEOUT,unclear,15,pass,,no_result_desc,N/A,,no,D,N
react-slick-pr2329,worker-02/react-slick-pr2329.json,worker-02,completed,STOPPED_BY_TIMEOUT,normal,15,pass,,yes,match,,no,A,N
react-slick-pr2343,worker-02/react-slick-pr2343.json,worker-02,completed,STOPPED_BY_TIMEOUT,unclear,15,pass,,yes,match,,no,A,N
react-slick-pr622,worker-02/react-slick-pr622.json,worker-02,completed,STOPPED_BY_TIMEOUT,normal,15,pass,,no_result_desc,N/A,,no,D,N
react-slick-pr762,worker-02/react-slick-pr762.json,worker-02,completed,COMPLETED,normal,14,pass,,yes,match,,no,A,Y
teleport-code-generators-209,worker-02/teleport-code-generators-209.json,worker-02,failed,,,,fail,"#2, #7",N/A,N/A,,no,C,N
teleport-code-generators-213,worker-02/teleport-code-generators-213.json,worker-02,failed,,,,fail,"#2, #7",N/A,N/A,,no,C,N
teleport-code-generators-245,worker-02/teleport-code-generators-245.json,worker-02,failed,,,,fail,"#2, #7",N/A,N/A,,no,C,N
teleport-code-generators-266,worker-02/teleport-code-generators-266.json,worker-02,failed,,,,fail,"#2, #7",N/A,N/A,,no,C,N
teleport-code-generators-694,worker-02/teleport-code-generators-694.json,worker-02,failed,,,,pass,,N/A,N/A,,no,A,N
teleport-code-generators-911,worker-02/teleport-code-generators-911.json,worker-02,failed,,,,pass,,N/A,N/A,,no,A,N
tikzcd-editor-45,worker-02/tikzcd-editor-45.json,worker-02,completed,KILLED,unclear,74,pass,,yes,match,,no,A,N
tikzcd-editor-7,worker-02/tikzcd-editor-7.json,worker-02,completed,KILLED,unclear,68,pass,,yes,match,,no,A,N
tikzcd-editor-pr5,worker-02/tikzcd-editor-pr5.json,worker-02,completed,SKIPPED,unclear,0,fail,#6,no,N/A,,no,D,N
twin.macro-528,worker-02/twin.macro-528.json,worker-02,failed,,,,fail,"#2, #7",N/A,N/A,,no,C,N
twin.macro-576,worker-02/twin.macro-576.json,worker-02,failed,,,,fail,"#2, #7",N/A,N/A,,no,C,N
twin.macro-pr252,worker-02/twin.macro-pr252.json,worker-02,failed,,,,fail,"#2, #7",N/A,N/A,,no,C,N
twin.macro-pr692,worker-02/twin.macro-pr692.json,worker-02,failed,,,,fail,"#2, #7",N/A,N/A,,no,C,N
uimix-pr134,worker-02/uimix-pr134.json,worker-02,failed,,,,fail,"#2, #7",N/A,N/A,,no,C,N
uimix-pr164,worker-02/uimix-pr164.json,worker-02,failed,,,,fail,"#2, #7",N/A,N/A,,no,C,N
uimix-pr17,worker-02/uimix-pr17.json,worker-02,failed,,,,fail,"#2, #7",N/A,N/A,,no,C,N
uimix-pr178,worker-02/uimix-pr178.json,worker-02,failed,,,,fail,"#2, #7",N/A,N/A,,no,C,N
uimix-pr41,worker-02/uimix-pr41.json,worker-02,failed,,,,fail,"#2, #7",N/A,N/A,,no,C,N
uimix-pr50,worker-02/uimix-pr50.json,worker-02,failed,,,,fail,"#2, #7",N/A,N/A,,no,C,N
uimix-pr95,worker-02/uimix-pr95.json,worker-02,failed,,,,fail,"#2, #7",N/A,N/A,,no,C,N
vue-trix-1,worker-02/vue-trix-1.json,worker-02,completed,COMPLETED,normal,47,pass,,yes,match,,no,A,Y
vue-trix-pr128,worker-02/vue-trix-pr128.json,worker-02,completed,COMPLETED,normal,22,pass,,yes,match,,no,A,Y
vue-trix-pr18,worker-02/vue-trix-pr18.json,worker-02,completed,SKIPPED,unclear,0,fail,#6,no,N/A,,no,D,N
vue-trix-pr35,worker-02/vue-trix-pr35.json,worker-02,completed,COMPLETED,normal,24,pass,,yes,match,,no,A,Y
webmail-189,worker-02/webmail-189.json,worker-02,failed,,,,fail,"#2, #7",N/A,N/A,,no,C,N
webmail-192,worker-02/webmail-192.json,worker-02,failed,,,,fail,"#2, #7",N/A,N/A,,no,C,N
webmail-196,worker-02/webmail-196.json,worker-02,failed,,,,fail,"#2, #7",N/A,N/A,,no,C,N
webmail-207,worker-02/webmail-207.json,worker-02,failed,,,,fail,"#2, #7",N/A,N/A,,no,C,N
webmail-84,worker-02/webmail-84.json,worker-02,failed,,,,fail,"#2, #7",N/A,N/A,,no,C,N
webmail-pr169,worker-02/webmail-pr169.json,worker-02,failed,,,,fail,"#2, #7",N/A,N/A,,no,C,N
whiteboard-113,worker-02/whiteboard-113.json,worker-02,completed,COMPLETED,abnormal,10,pass,,yes,match,,no,A,Y
whiteboard-12,worker-02/whiteboard-12.json,worker-02,completed,COMPLETED,normal,20,pass,,yes,match,,no,A,Y
whiteboard-13,worker-02/whiteboard-13.json,worker-02,completed,SKIPPED,unclear,0,fail,#6,no,N/A,,no,D,N
whiteboard-41,worker-02/whiteboard-41.json,worker-02,completed,COMPLETED,normal,9,pass,,yes,match,,no,A,Y
x-render-597,worker-02/x-render-597.json,worker-02,failed,,,,fail,"#2, #7",N/A,N/A,,no,C,N
x-render-934,worker-02/x-render-934.json,worker-02,failed,,,,fail,"#2, #7",N/A,N/A,,no,C,N
x-render-pr1572,worker-02/x-render-pr1572.json,worker-02,failed,,,,fail,"#2, #7",N/A,N/A,,no,C,N
x-render-pr1582,worker-02/x-render-pr1582.json,worker-02,failed,,,,fail,"#2, #7",N/A,N/A,,no,C,N
x-render-pr1666,worker-02/x-render-pr1666.json,worker-02,failed,,,,fail,"#2, #7",N/A,N/A,,no,C,N
x-render-pr1677,worker-02/x-render-pr1677.json,worker-02,failed,,,,fail,"#2, #7",N/A,N/A,,no,C,N
x-render-pr1686,worker-02/x-render-pr1686.json,worker-02,failed,,,,fail,"#2, #7",N/A,N/A,,no,C,N
x-render-pr1696,worker-02/x-render-pr1696.json,worker-02,failed,,,,pass,,N/A,N/A,,no,A,N
ConvertX-293,worker-03/ConvertX-293.json,worker-03,completed,COMPLETED,normal,20,pass,,yes,match,,no,A,Y
ConvertX-320,worker-03/ConvertX-320.json,worker-03,completed,COMPLETED,abnormal,59,pass,,yes,match,,no,A,Y
ConvertX-362,worker-03/ConvertX-362.json,worker-03,completed,COMPLETED,normal,15,pass,,yes,match,,no,A,Y
ConvertX-425,worker-03/ConvertX-425.json,worker-03,failed,,,,pass,,N/A,N/A,,no,A,N
ConvertX-435,worker-03/ConvertX-435.json,worker-03,completed,COMPLETED,abnormal,10,pass,,yes,match,,no,A,Y
ConvertX-455,worker-03/ConvertX-455.json,worker-03,completed,COMPLETED,abnormal,24,pass,,yes,match,,no,A,Y
ConvertX-464,worker-03/ConvertX-464.json,worker-03,completed,COMPLETED,abnormal,20,pass,,yes,match,,no,A,Y
ConvertX-494,worker-03/ConvertX-494.json,worker-03,completed,COMPLETED,abnormal,14,pass,,yes,match,,no,A,Y
DocFlow-306,worker-03/DocFlow-306.json,worker-03,failed,,,,fail,"#2, #7",N/A,N/A,,no,C,N
DocFlow-pr245,worker-03/DocFlow-pr245.json,worker-03,failed,,,,fail,"#2, #7",N/A,N/A,,no,C,N
DocFlow-pr280,worker-03/DocFlow-pr280.json,worker-03,failed,,,,fail,"#2, #7",N/A,N/A,,no,C,N
DocFlow-pr281,worker-03/DocFlow-pr281.json,worker-03,failed,,,,fail,"#2, #7",N/A,N/A,,no,C,N
DocFlow-pr284,worker-03/DocFlow-pr284.json,worker-03,failed,,,,fail,"#2, #7",N/A,N/A,,no,C,N
composer-pr222,worker-03/composer-pr222.json,worker-03,failed,,,,pass,,N/A,N/A,,no,A,N
composer-pr346,worker-03/composer-pr346.json,worker-03,failed,,,,pass,,N/A,N/A,,no,A,N
composer-pr354,worker-03/composer-pr354.json,worker-03,failed,,,,pass,,N/A,N/A,,no,A,N
composer-pr364,worker-03/composer-pr364.json,worker-03,failed,,,,pass,,N/A,N/A,,no,A,N
composer-pr369,worker-03/composer-pr369.json,worker-03,failed,,,,pass,,N/A,N/A,,no,A,N
composer-pr377,worker-03/composer-pr377.json,worker-03,failed,,,,pass,,N/A,N/A,,no,A,N
composer-pr381,worker-03/composer-pr381.json,worker-03,failed,,,,pass,,N/A,N/A,,no,A,N
composer-pr388,worker-03/composer-pr388.json,worker-03,failed,,,,pass,,N/A,N/A,,no,A,N
gridsheet-92,worker-03/gridsheet-92.json,worker-03,completed,COMPLETED,normal,20,pass,,yes,mismatch,,no,A,N
gridsheet-97,worker-03/gridsheet-97.json,worker-03,completed,COMPLETED,normal,24,pass,,yes,match,,no,A,Y
gridsheet-pr105,worker-03/gridsheet-pr105.json,worker-03,completed,COMPLETED,unclear,31,pass,,no_result_desc,N/A,,no,D,N
gridsheet-pr106,worker-03/gridsheet-pr106.json,worker-03,completed,COMPLETED,abnormal,40,pass,,yes,match,,no,A,Y
gridsheet-pr55,worker-03/gridsheet-pr55.json,worker-03,completed,COMPLETED,abnormal,41,pass,,yes,match,,no,A,Y
gridsheet-pr56,worker-03/gridsheet-pr56.json,worker-03,completed,COMPLETED,abnormal,60,pass,,yes,match,,no,A,Y
gridsheet-pr67,worker-03/gridsheet-pr67.json,worker-03,completed,TIMEOUT,abnormal,68,pass,,yes,match,,no,A,N
hassio-trash-card-141,worker-03/hassio-trash-card-141.json,worker-03,failed,,,,pass,,N/A,N/A,,no,A,N
hassio-trash-card-164,worker-03/hassio-trash-card-164.json,worker-03,failed,,,,pass,,N/A,N/A,,no,A,N
hassio-trash-card-322,worker-03/hassio-trash-card-322.json,worker-03,failed,,,,pass,,N/A,N/A,,no,A,N
hassio-trash-card-408,worker-03/hassio-trash-card-408.json,worker-03,failed,,,,pass,,N/A,N/A,,no,A,N
hastic-grafana-app-316,worker-03/hastic-grafana-app-316.json,worker-03,failed,,,,pass,,N/A,N/A,,no,A,N
hastic-grafana-app-317,worker-03/hastic-grafana-app-317.json,worker-03,failed,,,,pass,,N/A,N/A,,no,A,N
inbox-372,worker-03/inbox-372.json,worker-03,failed,,,,pass,,N/A,N/A,,no,A,N
inbox-428,worker-03/inbox-428.json,worker-03,failed,,,,pass,,N/A,N/A,,no,A,N
inbox-43,worker-03/inbox-43.json,worker-03,failed,,,,pass,,N/A,N/A,,no,A,N
inbox-440,worker-03/inbox-440.json,worker-03,failed,,,,pass,,N/A,N/A,,no,A,N
inbox-568,worker-03/inbox-568.json,worker-03,failed,,,,pass,,N/A,N/A,,no,A,N
inbox-577,worker-03/inbox-577.json,worker-03,failed,,,,pass,,N/A,N/A,,no,A,N
inbox-pr584,worker-03/inbox-pr584.json,worker-03,failed,,,,pass,,N/A,N/A,,no,A,N
jest-preview-138,worker-03/jest-preview-138.json,worker-03,completed,COMPLETED,normal,4,pass,,yes,match,,no,A,Y
jest-preview-207,worker-03/jest-preview-207.json,worker-03,completed,COMPLETED,abnormal,24,pass,,yes,match,,no,A,Y
jest-preview-258,worker-03/jest-preview-258.json,worker-03,failed,,,,fail,"#2, #7",N/A,N/A,,no,C,N
jest-preview-pr286,worker-03/jest-preview-pr286.json,worker-03,completed,COMPLETED,unclear,10,pass,,yes,match,,no,A,Y
jest-preview-pr309,worker-03/jest-preview-pr309.json,worker-03,failed,,,,fail,"#2, #7",N/A,N/A,,no,C,N
linuxdo-scripts-155,worker-03/linuxdo-scripts-155.json,worker-03,failed,,,,fail,"#2, #7",N/A,N/A,,no,C,N
linuxdo-scripts-pr186,worker-03/linuxdo-scripts-pr186.json,worker-03,failed,,,,fail,"#2, #7",N/A,N/A,,no,C,N
linuxdo-scripts-pr223,worker-03/linuxdo-scripts-pr223.json,worker-03,failed,,,,fail,"#2, #7",N/A,N/A,,no,C,N
linuxdo-scripts-pr269,worker-03/linuxdo-scripts-pr269.json,worker-03,failed,,,,fail,"#2, #7",N/A,N/A,,no,C,N
linuxdo-scripts-pr286,worker-03/linuxdo-scripts-pr286.json,worker-03,failed,,,,fail,"#2, #7",N/A,N/A,,no,C,N
mapbox-gl-draw-684,worker-03/mapbox-gl-draw-684.json,worker-03,failed,,,,fail,"#2, #7",N/A,N/A,,no,C,N
mapbox-gl-draw-pr1008,worker-03/mapbox-gl-draw-pr1008.json,worker-03,failed,,,,fail,"#2, #7",N/A,N/A,,no,C,N
mapbox-gl-draw-pr1039,worker-03/mapbox-gl-draw-pr1039.json,worker-03,failed,,,,fail,"#2, #7",N/A,N/A,,no,C,N
mapbox-gl-draw-pr1320,worker-03/mapbox-gl-draw-pr1320.json,worker-03,failed,,,,fail,"#2, #7",N/A,N/A,,no,C,N
mapbox-gl-draw-pr1341,worker-03/mapbox-gl-draw-pr1341.json,worker-03,failed,STOPPED,unclear,37,warn,"#15, #16",N/A,N/A,,no,A,N
mapbox-gl-draw-pr1428,worker-03/mapbox-gl-draw-pr1428.json,worker-03,failed,,,,pass,,N/A,N/A,,no,A,N
mui-rte-135,worker-03/mui-rte-135.json,worker-03,completed,COMPLETED,unclear,37,pass,,yes,match,,no,A,Y
mui-rte-139,worker-03/mui-rte-139.json,worker-03,completed,KILLED,normal,60,pass,,yes,match,,no,A,N
mui-rte-142,worker-03/mui-rte-142.json,worker-03,completed,COMPLETED,normal,21,pass,,yes,match,,no,A,Y
mui-rte-184,worker-03/mui-rte-184.json,worker-03,completed,COMPLETED,normal,6,pass,,yes,match,,no,A,Y
mui-rte-189,worker-03/mui-rte-189.json,worker-03,completed,COMPLETED,abnormal,9,pass,,yes,match,,no,A,Y
mui-rte-3,worker-03/mui-rte-3.json,worker-03,completed,COMPLETED,abnormal,35,pass,,yes,match,,no,A,Y
mui-rte-pr102,worker-03/mui-rte-pr102.json,worker-03,completed,COMPLETED,normal,21,pass,,yes,match,,no,A,Y
mui-rte-pr117,worker-03/mui-rte-pr117.json,worker-03,completed,COMPLETED,normal,16,pass,,yes,match,,no,A,Y
mui-tiptap-197,worker-03/mui-tiptap-197.json,worker-03,completed,COMPLETED,abnormal,24,pass,,yes,match,,no,A,Y
mui-tiptap-228,worker-03/mui-tiptap-228.json,worker-03,completed,COMPLETED,normal,31,pass,,yes,match,,no,A,Y
mui-tiptap-334,worker-03/mui-tiptap-334.json,worker-03,completed,ERROR,unclear,40,pass,,no_result_desc,N/A,,no,D,N
mui-tiptap-pr214,worker-03/mui-tiptap-pr214.json,worker-03,completed,COMPLETED,normal,17,pass,,yes,match,,no,A,Y
mui-tiptap-pr231,worker-03/mui-tiptap-pr231.json,worker-03,completed,COMPLETED,abnormal,34,pass,,yes,match,,no,A,Y
mui-tiptap-pr406,worker-03/mui-tiptap-pr406.json,worker-03,completed,ERROR,abnormal,44,pass,,yes,match,,no,A,N
mui-tiptap-pr418,worker-03/mui-tiptap-pr418.json,worker-03,completed,COMPLETED,unclear,32,pass,,yes,match,,no,A,Y
mui-tiptap-pr481,worker-03/mui-tiptap-pr481.json,worker-03,completed,ERROR,abnormal,38,pass,,yes,match,,no,A,N
muya-45,worker-03/muya-45.json,worker-03,completed,ERROR,normal,40,pass,,yes,match,,no,A,N
muya-pr103,worker-03/muya-pr103.json,worker-03,completed,COMPLETED,abnormal,45,pass,,yes,match,,no,A,Y
ngx-infinite-scroll-128,worker-03/ngx-infinite-scroll-128.json,worker-03,completed,COMPLETED,unclear,11,pass,,yes,match,,no,A,Y
ngx-infinite-scroll-28,worker-03/ngx-infinite-scroll-28.json,worker-03,completed,COMPLETED,unclear,10,pass,,yes,match,,no,A,Y
ngx-infinite-scroll-40,worker-03/ngx-infinite-scroll-40.json,worker-03,completed,SKIPPED,unclear,0,fail,#6,no,N/A,,no,D,N
ngx-infinite-scroll-pr235,worker-03/ngx-infinite-scroll-pr235.json,worker-03,completed,SKIPPED,unclear,0,fail,#6,no,N/A,,no,D,N
ngx-infinite-scroll-pr262,worker-03/ngx-infinite-scroll-pr262.json,worker-03,completed,SKIPPED,unclear,0,fail,#6,no,N/A,,no,D,N
ngx-infinite-scroll-pr282,worker-03/ngx-infinite-scroll-pr282.json,worker-03,completed,SKIPPED,unclear,0,fail,#6,no,N/A,,no,D,N
ngx-infinite-scroll-pr369,worker-03/ngx-infinite-scroll-pr369.json,worker-03,completed,SKIPPED,unclear,0,fail,#6,no,N/A,,no,D,N
ngx-infinite-scroll-pr386,worker-03/ngx-infinite-scroll-pr386.json,worker-03,completed,SKIPPED,unclear,0,fail,#6,no,N/A,,no,D,N
ngx-scrollbar-109,worker-03/ngx-scrollbar-109.json,worker-03,completed,COMPLETED,normal,60,pass,,yes,match,,no,A,Y
ngx-scrollbar-217,worker-03/ngx-scrollbar-217.json,worker-03,completed,COMPLETED,normal,37,pass,,yes,match,,no,A,Y
ngx-scrollbar-266,worker-03/ngx-scrollbar-266.json,worker-03,completed,COMPLETED,abnormal,40,pass,,yes,match,,no,A,Y
ngx-scrollbar-33,worker-03/ngx-scrollbar-33.json,worker-03,failed,,,,fail,"#2, #7",N/A,N/A,,no,C,N
ngx-scrollbar-615,worker-03/ngx-scrollbar-615.json,worker-03,failed,,,,fail,"#2, #7",N/A,N/A,,no,C,N
ngx-scrollbar-669,worker-03/ngx-scrollbar-669.json,worker-03,completed,COMPLETED,unclear,60,pass,,yes,match,,no,A,Y
ngx-scrollbar-674,worker-03/ngx-scrollbar-674.json,worker-03,completed,COMPLETED,normal,56,pass,,no_result_desc,N/A,,no,D,N
ngx-scrollbar-pr449,worker-03/ngx-scrollbar-pr449.json,worker-03,completed,COMPLETED,abnormal,17,pass,,yes,match,,no,A,Y
poster-design-pr110,worker-03/poster-design-pr110.json,worker-03,failed,,,,fail,"#2, #7",N/A,N/A,,no,C,N
poster-design-pr137,worker-03/poster-design-pr137.json,worker-03,failed,,,,fail,"#2, #7",N/A,N/A,,no,C,N
poster-design-pr168,worker-03/poster-design-pr168.json,worker-03,failed,,,,fail,"#2, #7",N/A,N/A,,no,C,N
poster-design-pr57,worker-03/poster-design-pr57.json,worker-03,completed,COMPLETED,unclear,25,pass,,yes,match,,no,A,Y
poster-design-pr71,worker-03/poster-design-pr71.json,worker-03,completed,COMPLETED,abnormal,19,pass,,yes,match,,no,A,Y
poster-design-pr95,worker-03/poster-design-pr95.json,worker-03,completed,COMPLETED,unclear,26,pass,,yes,match,,no,A,Y
react-markdown-editor-lite-pr17,worker-03/react-markdown-editor-lite-pr17.json,worker-03,completed,COMPLETED,normal,28,pass,,yes,match,,no,A,Y
react-markdown-editor-lite-pr23,worker-03/react-markdown-editor-lite-pr23.json,worker-03,completed,COMPLETED,normal,43,pass,,yes,match,,no,A,Y
react-markdown-editor-lite-pr3,worker-03/react-markdown-editor-lite-pr3.json,worker-03,completed,COMPLETED,normal,26,pass,,yes,match,,no,A,Y
react-markdown-editor-lite-pr5,worker-03/react-markdown-editor-lite-pr5.json,worker-03,completed,COMPLETED,abnormal,15,pass,,yes,match,,no,A,Y
react-markdown-editor-lite-pr85,worker-03/react-markdown-editor-lite-pr85.json,worker-03,completed,COMPLETED,abnormal,40,pass,,yes,match,,no,A,Y
roomy-109,worker-03/roomy-109.json,worker-03,failed,,,,warn,#16,N/A,N/A,,no,A,N
roomy-223,worker-03/roomy-223.json,worker-03,failed,,,,pass,,N/A,N/A,,no,A,N
roomy-227,worker-03/roomy-227.json,worker-03,failed,,,,pass,,N/A,N/A,,no,A,N
roomy-pr271,worker-03/roomy-pr271.json,worker-03,failed,,,,pass,,N/A,N/A,,no,A,N
roomy-pr532,worker-03/roomy-pr532.json,worker-03,failed,,,,pass,,N/A,N/A,,no,A,N
roomy-pr595,worker-03/roomy-pr595.json,worker-03,failed,,,,pass,,N/A,N/A,,no,A,N
roomy-pr600,worker-03/roomy-pr600.json,worker-03,failed,,,,pass,,N/A,N/A,,no,A,N
roomy-pr610,worker-03/roomy-pr610.json,worker-03,failed,,,,pass,,N/A,N/A,,no,A,N
zardui-207,worker-03/zardui-207.json,worker-03,completed,COMPLETED,abnormal,12,pass,,yes,match,,no,A,Y
zardui-251,worker-03/zardui-251.json,worker-03,completed,COMPLETED,abnormal,3,pass,,yes,match,,no,A,Y
zardui-418,worker-03/zardui-418.json,worker-03,completed,COMPLETED,abnormal,30,pass,,yes,match,,no,A,Y
zardui-450,worker-03/zardui-450.json,worker-03,completed,COMPLETED,abnormal,38,pass,,yes,match,,no,A,Y
zardui-451,worker-03/zardui-451.json,worker-03,completed,COMPLETED,abnormal,27,pass,,yes,match,,no,A,Y
zardui-474,worker-03/zardui-474.json,worker-03,completed,COMPLETED,normal,22,pass,,yes,match,,no,A,Y
zardui-491,worker-03/zardui-491.json,worker-03,completed,COMPLETED,unclear,32,pass,,yes,match,,no,A,Y
zardui-500,worker-03/zardui-500.json,worker-03,completed,COMPLETED,normal,5,pass,,yes,match,,no,A,Y
Eve-586,worker-04/Eve-586.json,worker-04,completed,COMPLETED,unclear,14,fail,#6,no,N/A,,no,D,N
Eve-703,worker-04/Eve-703.json,worker-04,completed,SKIPPED,unclear,0,fail,#6,no,N/A,,no,D,N
Eve-704,worker-04/Eve-704.json,worker-04,completed,SKIPPED,unclear,0,fail,#6,no,N/A,,no,D,N
Eve-834,worker-04/Eve-834.json,worker-04,completed,SKIPPED,unclear,0,fail,#6,no,N/A,,no,D,N
Eve-835,worker-04/Eve-835.json,worker-04,completed,SKIPPED,unclear,0,fail,#6,no,N/A,,no,D,N
Eve-837,worker-04/Eve-837.json,worker-04,completed,SKIPPED,unclear,0,fail,#6,no,N/A,,no,D,N
Eve-pr736,worker-04/Eve-pr736.json,worker-04,completed,SKIPPED,unclear,0,fail,#6,no,N/A,,no,D,N
Eve-pr877,worker-04/Eve-pr877.json,worker-04,completed,SKIPPED,unclear,0,fail,#6,no,N/A,,no,D,N
am-editor-pr245,worker-04/am-editor-pr245.json,worker-04,completed,SKIPPED,deploy_failed,,fail,"#4, #5, #6, #11",no,N/A,,no,D,N
am-editor-pr305,worker-04/am-editor-pr305.json,worker-04,completed,SKIPPED,deploy_failed,,fail,"#4, #5, #6, #11",no,N/A,,no,D,N
am-editor-pr36,worker-04/am-editor-pr36.json,worker-04,completed,SKIPPED,deploy_failed,,fail,"#4, #5, #6, #11",no,N/A,,no,D,N
apollo-pr274,worker-04/apollo-pr274.json,worker-04,completed,SKIPPED,deploy_failed,,fail,"#4, #5, #6, #11",no,N/A,,no,D,N
apollo-pr330,worker-04/apollo-pr330.json,worker-04,completed,SKIPPED,deploy_failed,,fail,"#4, #5, #6, #11",no,N/A,,no,D,N
apollo-pr362,worker-04/apollo-pr362.json,worker-04,completed,SKIPPED,deploy_failed,,fail,"#4, #5, #6, #11",no,N/A,,no,D,N
axios-module-166,worker-04/axios-module-166.json,worker-04,completed,COMPLETED,abnormal,35,pass,,yes,match,,no,A,Y
axios-module-pr364,worker-04/axios-module-pr364.json,worker-04,completed,SKIPPED,deploy_failed,,fail,"#4, #5, #6, #11",no,N/A,,no,D,N
axios-module-pr414,worker-04/axios-module-pr414.json,worker-04,completed,SKIPPED,deploy_failed,,fail,"#4, #5, #6, #11",no,N/A,,no,D,N
axios-module-pr424,worker-04/axios-module-pr424.json,worker-04,completed,SKIPPED,deploy_failed,,fail,"#4, #5, #6, #11",no,N/A,,no,D,N
coracle-474,worker-04/coracle-474.json,worker-04,completed,ERROR,unclear,35,pass,,no_result_desc,N/A,,no,D,N
coracle-486,worker-04/coracle-486.json,worker-04,completed,STOPPED_BY_USER,unclear,26,pass,,yes,match,,no,A,N
coracle-517,worker-04/coracle-517.json,worker-04,completed,SKIPPED,unclear,0,fail,#6,no,N/A,,no,D,N
coracle-524,worker-04/coracle-524.json,worker-04,completed,SKIPPED,unclear,0,fail,#6,no,N/A,,no,D,N
coracle-526,worker-04/coracle-526.json,worker-04,completed,SKIPPED,unclear,0,fail,#6,no,N/A,,no,D,N
coracle-530,worker-04/coracle-530.json,worker-04,completed,SKIPPED,unclear,0,fail,#6,no,N/A,,no,D,N
coracle-pr396,worker-04/coracle-pr396.json,worker-04,completed,SKIPPED,unclear,0,fail,#6,no,N/A,,no,D,N
coracle-pr496,worker-04/coracle-pr496.json,worker-04,completed,SKIPPED,unclear,0,fail,#6,no,N/A,,no,D,N
discord-data-package-explorer-16,worker-04/discord-data-package-explorer-16.json,worker-04,completed,HARD_TIMEOUT,unclear,66,pass,,yes,match,,no,A,N
discord-data-package-explorer-pr11,worker-04/discord-data-package-explorer-pr11.json,worker-04,completed,SKIPPED,unclear,,fail,"#4, #6",no,N/A,,no,D,N
discord-data-package-explorer-pr30,worker-04/discord-data-package-explorer-pr30.json,worker-04,completed,SKIPPED,unclear,,fail,"#4, #6",no,N/A,,no,D,N
drawnix-141,worker-04/drawnix-141.json,worker-04,completed,COMPLETED,abnormal,None,fail,#6,no,N/A,,no,D,N
drawnix-pr274,worker-04/drawnix-pr274.json,worker-04,completed,COMPLETED,abnormal,None,fail,#6,no,N/A,,no,D,N
drawnix-pr318,worker-04/drawnix-pr318.json,worker-04,completed,STOPPED_BY_USER,unclear,None,pass,,no_result_desc,N/A,,no,D,N
drawnix-pr333,worker-04/drawnix-pr333.json,worker-04,completed,STOPPED_BY_USER,abnormal,47,pass,,no_result_desc,N/A,,no,D,N
drawnix-pr368,worker-04/drawnix-pr368.json,worker-04,completed,COMPLETED,abnormal,46,fail,#6,no,N/A,,no,D,N
drawnix-pr376,worker-04/drawnix-pr376.json,worker-04,completed,STOPPED_BY_USER,unclear,68,pass,,yes,match,,no,A,N
fonts-352,worker-04/fonts-352.json,worker-04,completed,HARD_TIMEOUT,normal,61,pass,,yes,match,,no,A,N
fonts-371,worker-04/fonts-371.json,worker-04,completed,SKIPPED,deploy_failed,,fail,"#4, #5, #6, #11",no,N/A,,no,D,N
fonts-382,worker-04/fonts-382.json,worker-04,completed,SKIPPED,deploy_failed,,fail,"#4, #5, #6, #11",no,N/A,,no,D,N
fonts-pr274,worker-04/fonts-pr274.json,worker-04,completed,SKIPPED,deploy_failed,,fail,"#4, #5, #6, #11",no,N/A,,no,D,N
form-builder-60,worker-04/form-builder-60.json,worker-04,completed,COMPLETED,abnormal,14,pass,,yes,match,,no,A,Y
form-builder-63,worker-04/form-builder-63.json,worker-04,completed,HARD_TIMEOUT,abnormal,24,pass,,yes,match,,no,A,N
form-builder-pr27,worker-04/form-builder-pr27.json,worker-04,completed,COMPLETED,abnormal,15,pass,,yes,match,,no,A,Y
form-builder-pr36,worker-04/form-builder-pr36.json,worker-04,completed,COMPLETED,abnormal,10,pass,,yes,match,,no,A,Y
form-builder-pr64,worker-04/form-builder-pr64.json,worker-04,completed,HARD_TIMEOUT,abnormal,32,pass,,yes,match,,no,A,N
form-builder-pr78,worker-04/form-builder-pr78.json,worker-04,completed,COMPLETED,abnormal,30,pass,,yes,error,,no,A,N
form-builder-pr97,worker-04/form-builder-pr97.json,worker-04,completed,COMPLETED,abnormal,21,pass,,yes,match,,no,A,Y
heynote-132,worker-04/heynote-132.json,worker-04,completed,SKIPPED,unclear,0,fail,#6,no,N/A,,no,D,N
heynote-195,worker-04/heynote-195.json,worker-04,completed,STOPPED_BY_USER,unclear,15,pass,,no_result_desc,N/A,,no,D,N
heynote-21,worker-04/heynote-21.json,worker-04,completed,ERROR,reproduced,41,fail,#5,no_result_desc,N/A,,no,D,N
heynote-308,worker-04/heynote-308.json,worker-04,completed,COMPLETED,abnormal,39,pass,,yes,match,,no,A,Y
heynote-314,worker-04/heynote-314.json,worker-04,completed,COMPLETED,abnormal,51,pass,,yes,match,,no,A,Y
heynote-357,worker-04/heynote-357.json,worker-04,completed,TIMEOUT,unclear,69,pass,,no_result_desc,N/A,,no,D,N
heynote-43,worker-04/heynote-43.json,worker-04,completed,COMPLETED,normal,14,pass,,yes,match,,no,A,Y
heynote-434,worker-04/heynote-434.json,worker-04,completed,COMPLETED,normal,10,pass,,yes,mismatch,,no,A,N
homer-pr239,worker-04/homer-pr239.json,worker-04,completed,HARD_TIMEOUT,unclear,45,pass,,yes,match,,no,A,N
homer-pr640,worker-04/homer-pr640.json,worker-04,completed,HARD_TIMEOUT,unclear,37,pass,,yes,match,,no,A,N
homer-pr734,worker-04/homer-pr734.json,worker-04,completed,COMPLETED,abnormal,5,pass,,yes,match,,no,A,Y
homer-pr980,worker-04/homer-pr980.json,worker-04,completed,COMPLETED,abnormal,47,pass,,yes,match,,no,A,Y
inspira-ui-87,worker-04/inspira-ui-87.json,worker-04,completed,COMPLETED,abnormal,16,pass,,yes,mismatch,,no,A,N
inspira-ui-pr260,worker-04/inspira-ui-pr260.json,worker-04,completed,SKIPPED,deploy_failed,,fail,"#4, #5, #6, #11",no,N/A,,no,D,N
inspira-ui-pr263,worker-04/inspira-ui-pr263.json,worker-04,completed,SKIPPED,deploy_failed,,fail,"#4, #5, #6, #11",no,N/A,,no,D,N
inspira-ui-pr268,worker-04/inspira-ui-pr268.json,worker-04,completed,SKIPPED,deploy_failed,,fail,"#4, #5, #6, #11",no,N/A,,no,D,N
ngx-progressbar-386,worker-04/ngx-progressbar-386.json,worker-04,completed,COMPLETED,abnormal,43,pass,,yes,match,,no,A,Y
ngx-progressbar-66,worker-04/ngx-progressbar-66.json,worker-04,completed,SKIPPED,deploy_failed,,fail,"#4, #5, #6, #11",no,N/A,,no,D,N
ngx-progressbar-88,worker-04/ngx-progressbar-88.json,worker-04,completed,SKIPPED,deploy_failed,,fail,"#4, #5, #6, #11",no,N/A,,no,D,N
ngx-progressbar-pr119,worker-04/ngx-progressbar-pr119.json,worker-04,completed,SKIPPED,deploy_failed,,fail,"#4, #5, #6, #11",no,N/A,,no,D,N
ngx-progressbar-pr278,worker-04/ngx-progressbar-pr278.json,worker-04,completed,SKIPPED,deploy_failed,,fail,"#4, #5, #6, #11",no,N/A,,no,D,N
nuxt-95,worker-04/nuxt-95.json,worker-04,completed,COMPLETED,abnormal,12,fail,#6,no,N/A,,no,D,N
nuxt-pr162,worker-04/nuxt-pr162.json,worker-04,completed,COMPLETED,normal,8,fail,#6,no,N/A,,no,D,N
nuxt-pr217,worker-04/nuxt-pr217.json,worker-04,completed,STOPPED_BY_USER,unclear,80,pass,,yes,match,,no,A,N
penpot-desktop-11,worker-04/penpot-desktop-11.json,worker-04,failed,not_started,deploy_failed,,fail,"#2, #7, #15",N/A,N/A,,no,C,N
penpot-desktop-pr116,worker-04/penpot-desktop-pr116.json,worker-04,failed,not_started,deploy_failed,,fail,"#2, #7, #15",N/A,N/A,,no,C,N
penpot-desktop-pr160,worker-04/penpot-desktop-pr160.json,worker-04,failed,not_started,deploy_failed,,fail,"#2, #7, #15",N/A,N/A,,no,C,N
penpot-desktop-pr24,worker-04/penpot-desktop-pr24.json,worker-04,failed,not_started,deploy_failed,,fail,"#2, #7, #15",N/A,N/A,,no,C,N
penpot-desktop-pr252,worker-04/penpot-desktop-pr252.json,worker-04,failed,not_started,deploy_failed,,fail,"#2, #7, #15",N/A,N/A,,no,C,N
penpot-desktop-pr51,worker-04/penpot-desktop-pr51.json,worker-04,failed,not_started,deploy_failed,,fail,"#2, #7, #15",N/A,N/A,,no,C,N
penpot-desktop-pr57,worker-04/penpot-desktop-pr57.json,worker-04,failed,not_started,deploy_failed,,fail,"#2, #7, #15",N/A,N/A,,no,C,N
penpot-desktop-pr59,worker-04/penpot-desktop-pr59.json,worker-04,failed,not_started,deploy_failed,,fail,"#2, #7, #15",N/A,N/A,,no,C,N
pwa-module-pr354,worker-04/pwa-module-pr354.json,worker-04,completed,SKIPPED,deploy_failed,,fail,"#4, #5, #6, #11",no,N/A,,no,D,N
pwa-module-pr386,worker-04/pwa-module-pr386.json,worker-04,completed,SKIPPED,deploy_failed,,fail,"#4, #5, #6, #11",no,N/A,,no,D,N
pwa-module-pr417,worker-04/pwa-module-pr417.json,worker-04,completed,SKIPPED,deploy_failed,,fail,"#4, #5, #6, #11",no,N/A,,no,D,N
pwa-module-pr428,worker-04/pwa-module-pr428.json,worker-04,completed,SKIPPED,deploy_failed,,fail,"#4, #5, #6, #11",no,N/A,,no,D,N
regex-vis-pr131,worker-04/regex-vis-pr131.json,worker-04,completed,COMPLETED,abnormal,22,pass,,yes,match,,no,A,Y
regex-vis-pr47,worker-04/regex-vis-pr47.json,worker-04,completed,COMPLETED,abnormal,17,pass,,yes,match,,no,A,Y
regex-vis-pr48,worker-04/regex-vis-pr48.json,worker-04,completed,COMPLETED,normal,13,pass,,yes,match,,no,A,Y
regex-vis-pr55,worker-04/regex-vis-pr55.json,worker-04,completed,COMPLETED,abnormal,15,pass,,yes,match,,no,A,Y
regex-vis-pr58,worker-04/regex-vis-pr58.json,worker-04,completed,COMPLETED,abnormal,11,pass,,yes,match,,no,A,Y
regex-vis-pr67,worker-04/regex-vis-pr67.json,worker-04,completed,COMPLETED,abnormal,16,pass,,yes,match,,no,A,Y
regex-vis-pr75,worker-04/regex-vis-pr75.json,worker-04,completed,COMPLETED,abnormal,18,pass,,yes,match,,no,A,Y
regex-vis-pr76,worker-04/regex-vis-pr76.json,worker-04,completed,COMPLETED,normal,11,pass,,yes,match,,no,A,Y
sanity-1049,worker-04/sanity-1049.json,worker-04,failed,not_started,deploy_failed,,fail,"#2, #7, #15",N/A,N/A,,no,C,N
sanity-1062,worker-04/sanity-1062.json,worker-04,failed,not_started,deploy_failed,,fail,"#2, #7, #15",N/A,N/A,,no,C,N
sanity-123,worker-04/sanity-123.json,worker-04,failed,not_started,deploy_failed,,fail,"#2, #7, #15",N/A,N/A,,no,C,N
sanity-1344,worker-04/sanity-1344.json,worker-04,failed,not_started,deploy_failed,,fail,"#2, #7, #15",N/A,N/A,,no,C,N
sanity-1387,worker-04/sanity-1387.json,worker-04,failed,not_started,deploy_failed,,fail,"#2, #7, #15",N/A,N/A,,no,C,N
sanity-306,worker-04/sanity-306.json,worker-04,failed,not_started,deploy_failed,,fail,"#2, #7, #15",N/A,N/A,,no,C,N
sanity-644,worker-04/sanity-644.json,worker-04,failed,not_started,deploy_failed,,fail,"#2, #7, #15",N/A,N/A,,no,C,N
sanity-690,worker-04/sanity-690.json,worker-04,completed,COMPLETED,unclear,54,pass,,yes,mismatch,,no,A,N
svelte-toast-pr52,worker-04/svelte-toast-pr52.json,worker-04,completed,COMPLETED,unclear,None,fail,#6,no,N/A,,no,D,N
unplugin-icons-178,worker-04/unplugin-icons-178.json,worker-04,completed,COMPLETED,normal,32,pass,,yes,match,,no,A,Y
unplugin-icons-338,worker-04/unplugin-icons-338.json,worker-04,completed,SKIPPED,deploy_failed,,fail,"#4, #5, #6, #11",no,N/A,,no,D,N
unplugin-icons-pr316,worker-04/unplugin-icons-pr316.json,worker-04,completed,SKIPPED,deploy_failed,,fail,"#4, #5, #6, #11",no,N/A,,no,D,N
unplugin-icons-pr320,worker-04/unplugin-icons-pr320.json,worker-04,completed,SKIPPED,deploy_failed,,fail,"#4, #5, #6, #11",no,N/A,,no,D,N
unplugin-icons-pr356,worker-04/unplugin-icons-pr356.json,worker-04,completed,SKIPPED,deploy_failed,,fail,"#4, #5, #6, #11",no,N/A,,no,D,N
vue-element-plus-admin-309,worker-04/vue-element-plus-admin-309.json,worker-04,completed,COMPLETED,abnormal,23,pass,,yes,match,,no,A,Y
vue-element-plus-admin-316,worker-04/vue-element-plus-admin-316.json,worker-04,completed,HARD_TIMEOUT,unclear,26,pass,,no_result_desc,N/A,,no,D,N
vue-element-plus-admin-317,worker-04/vue-element-plus-admin-317.json,worker-04,completed,SKIPPED_SAME_COMMIT,unclear,,fail,"#4, #6",no,N/A,,no,D,N
vue-element-plus-admin-318,worker-04/vue-element-plus-admin-318.json,worker-04,completed,SKIPPED_SAME_COMMIT,unclear,,fail,"#4, #6",no,N/A,,no,D,N
vue-element-plus-admin-326,worker-04/vue-element-plus-admin-326.json,worker-04,completed,HARD_TIMEOUT,unclear,31,pass,,yes,match,,no,A,N
vue-element-plus-admin-424,worker-04/vue-element-plus-admin-424.json,worker-04,completed,SKIPPED_REPO_FUSE,unclear,,fail,"#4, #6",no,N/A,,no,D,N
vue-element-plus-admin-428,worker-04/vue-element-plus-admin-428.json,worker-04,completed,SKIPPED_REPO_FUSE,unclear,,fail,"#4, #6",no,N/A,,no,D,N
vue-element-plus-admin-441,worker-04/vue-element-plus-admin-441.json,worker-04,completed,COMPLETED,unclear,25,pass,,yes,match,,no,A,Y
vuetify-module-95,worker-04/vuetify-module-95.json,worker-04,completed,SKIPPED,deploy_failed,,fail,"#4, #5, #6, #11",no,N/A,,no,D,N
vuetify-module-pr230,worker-04/vuetify-module-pr230.json,worker-04,completed,SKIPPED,deploy_failed,,fail,"#4, #5, #6, #11",no,N/A,,no,D,N
vuetify-module-pr300,worker-04/vuetify-module-pr300.json,worker-04,completed,SKIPPED,deploy_failed,,fail,"#4, #5, #6, #11",no,N/A,,no,D,N
wuffle-142,worker-04/wuffle-142.json,worker-04,completed,SKIPPED,deploy_failed,,fail,"#4, #5, #6, #11",no,N/A,,no,D,N
wuffle-161,worker-04/wuffle-161.json,worker-04,completed,SKIPPED,deploy_failed,,fail,"#4, #5, #6, #11",no,N/A,,no,D,N
wuffle-245,worker-04/wuffle-245.json,worker-04,completed,SKIPPED,deploy_failed,,fail,"#4, #5, #6, #11",no,N/A,,no,D,N
wuffle-38,worker-04/wuffle-38.json,worker-04,failed,,,,pass,,N/A,N/A,,no,A,N
wuffle-77,worker-04/wuffle-77.json,worker-04,failed,,,,pass,,N/A,N/A,,no,A,N
wuffle-90,worker-04/wuffle-90.json,worker-04,failed,,,,pass,,N/A,N/A,,no,A,N
wuffle-pr256,worker-04/wuffle-pr256.json,worker-04,failed,,,,pass,,N/A,N/A,,no,A,N
OpsiMate-264,worker-05/OpsiMate-264.json,worker-05,completed,COMPLETED,normal,40,pass,,yes,match,,no,A,Y
OpsiMate-305,worker-05/OpsiMate-305.json,worker-05,failed,STOPPED,unclear,26,warn,"#15, #16",N/A,N/A,,no,A,N
OpsiMate-343,worker-05/OpsiMate-343.json,worker-05,failed,STOPPED,unclear,15,warn,"#15, #16",N/A,N/A,,no,A,N
OpsiMate-379,worker-05/OpsiMate-379.json,worker-05,failed,STOPPED,unclear,36,warn,"#15, #16",N/A,N/A,,no,A,N
OpsiMate-407,worker-05/OpsiMate-407.json,worker-05,completed,COMPLETED,abnormal,31,fail,#6,no,N/A,,no,D,N
OpsiMate-408,worker-05/OpsiMate-408.json,worker-05,completed,STOPPED,abnormal,51,pass,,no_result_desc,N/A,,no,D,N
OpsiMate-410,worker-05/OpsiMate-410.json,worker-05,completed,COMPLETED,abnormal,27,pass,,yes,match,,no,A,Y
OpsiMate-467,worker-05/OpsiMate-467.json,worker-05,completed,COMPLETED,abnormal,16,pass,,yes,match,,no,A,Y
bananas-pr58,worker-05/bananas-pr58.json,worker-05,completed,COMPLETED,abnormal,36,pass,,yes,match,,no,A,Y
craft.js-321,worker-05/craft.js-321.json,worker-05,failed,NOT_RUN,unclear,,fail,"#2, #7, #15",N/A,N/A,,no,C,N
craft.js-373,worker-05/craft.js-373.json,worker-05,failed,NOT_RUN,unclear,,fail,"#2, #7, #15",N/A,N/A,,no,C,N
craft.js-449,worker-05/craft.js-449.json,worker-05,failed,NOT_RUN,unclear,,fail,"#2, #7, #15",N/A,N/A,,no,C,N
craft.js-52,worker-05/craft.js-52.json,worker-05,failed,NOT_RUN,unclear,,fail,"#2, #7, #15",N/A,N/A,,no,C,N
craft.js-62,worker-05/craft.js-62.json,worker-05,failed,NOT_RUN,unclear,,fail,"#2, #7, #15",N/A,N/A,,no,C,N
craft.js-pr587,worker-05/craft.js-pr587.json,worker-05,failed,NOT_RUN,unclear,,fail,"#2, #7, #15",N/A,N/A,,no,C,N
craft.js-pr604,worker-05/craft.js-pr604.json,worker-05,failed,NOT_RUN,unclear,,fail,"#2, #7, #15",N/A,N/A,,no,C,N
craft.js-pr634,worker-05/craft.js-pr634.json,worker-05,failed,NOT_RUN,unclear,,fail,"#2, #7, #15",N/A,N/A,,no,C,N
google-fonts-84,worker-05/google-fonts-84.json,worker-05,completed,COMPLETED,unclear,14,pass,,yes,match,,no,A,Y
google-fonts-pr161,worker-05/google-fonts-pr161.json,worker-05,completed,COMPLETED,abnormal,27,pass,,yes,match,,no,A,Y
google-fonts-pr21,worker-05/google-fonts-pr21.json,worker-05,completed,COMPLETED,abnormal,36,pass,,yes,match,,no,A,Y
google-fonts-pr25,worker-05/google-fonts-pr25.json,worker-05,completed,COMPLETED,abnormal,48,pass,,yes,match,,no,A,Y
google-fonts-pr28,worker-05/google-fonts-pr28.json,worker-05,completed,COMPLETED,abnormal,17,pass,,yes,match,,no,A,Y
hastic-grafana-app-374,worker-05/hastic-grafana-app-374.json,worker-05,failed,,,,pass,,N/A,N/A,,no,A,N
homer-pr1034,worker-05/homer-pr1034.json,worker-05,completed,COMPLETED,abnormal,26,fail,#6,no,N/A,,no,D,N
homer-pr112,worker-05/homer-pr112.json,worker-05,completed,TIMEOUT,abnormal,91,warn,#10,no_result_desc,N/A,,no,D,N
homer-pr115,worker-05/homer-pr115.json,worker-05,completed,TIMEOUT,abnormal,38,pass,,no_result_desc,N/A,,no,D,N
homer-pr174,worker-05/homer-pr174.json,worker-05,completed,COMPLETED,abnormal,40,fail,#6,no,N/A,,no,D,N
obsidian-univer-87,worker-05/obsidian-univer-87.json,worker-05,failed,,,,pass,,N/A,N/A,,no,A,N
obsidian-univer-pr28,worker-05/obsidian-univer-pr28.json,worker-05,failed,,,,pass,,N/A,N/A,,no,A,N
obsidian-univer-pr46,worker-05/obsidian-univer-pr46.json,worker-05,failed,,,,pass,,N/A,N/A,,no,A,N
obsidian-univer-pr55,worker-05/obsidian-univer-pr55.json,worker-05,failed,,,,pass,,N/A,N/A,,no,A,N
obsidian-univer-pr6,worker-05/obsidian-univer-pr6.json,worker-05,failed,,,,pass,,N/A,N/A,,no,A,N
react-dropzone-1190,worker-05/react-dropzone-1190.json,worker-05,completed,COMPLETED,normal,21,pass,,yes,match,,no,A,Y
react-dropzone-1222,worker-05/react-dropzone-1222.json,worker-05,completed,COMPLETED,normal,6,pass,,yes,match,,no,A,Y
react-dropzone-1238,worker-05/react-dropzone-1238.json,worker-05,completed,STOPPED_BY_USER,unclear,23,pass,,yes,match,,no,A,N
react-dropzone-1346,worker-05/react-dropzone-1346.json,worker-05,completed,COMPLETED,unclear,14,pass,,yes,match,,no,A,Y
react-dropzone-1418,worker-05/react-dropzone-1418.json,worker-05,completed,STOPPED_BY_USER,unclear,43,pass,,yes,match,,no,A,N
react-dropzone-1449,worker-05/react-dropzone-1449.json,worker-05,completed,STOPPED_BY_USER,unclear,13,pass,,no_result_desc,N/A,,no,D,N
react-dropzone-526,worker-05/react-dropzone-526.json,worker-05,completed,STOPPED_BY_USER,unclear,0,pass,,no_result_desc,N/A,,no,D,N
slate-angular-150,worker-05/slate-angular-150.json,worker-05,completed,COMPLETED,normal,23,pass,,yes,match,,no,A,Y
slate-angular-244,worker-05/slate-angular-244.json,worker-05,completed,COMPLETED,abnormal,24,pass,,yes,match,,no,A,Y
slate-angular-pr316,worker-05/slate-angular-pr316.json,worker-05,completed,STOPPED_BY_USER,abnormal,60,pass,,yes,match,,no,A,N
slate-angular-pr327,worker-05/slate-angular-pr327.json,worker-05,completed,ERROR,abnormal,44,pass,,yes,match,,no,A,N
slate-angular-pr335,worker-05/slate-angular-pr335.json,worker-05,completed,COMPLETED,abnormal,42,pass,,yes,match,,no,A,Y
slate-angular-pr336,worker-05/slate-angular-pr336.json,worker-05,failed,,,,fail,"#2, #7",N/A,N/A,,no,C,N
slate-angular-pr338,worker-05/slate-angular-pr338.json,worker-05,completed,COMPLETED,abnormal,66,pass,,yes,match,,no,A,Y
slate-angular-pr339,worker-05/slate-angular-pr339.json,worker-05,completed,COMPLETED,abnormal,15,pass,,yes,match,,no,A,Y
svelte-repl-22,worker-05/svelte-repl-22.json,worker-05,failed,,,,pass,,N/A,N/A,,no,A,N
svelte-repl-31,worker-05/svelte-repl-31.json,worker-05,failed,,,,pass,,N/A,N/A,,no,A,N
svelte-repl-pr57,worker-05/svelte-repl-pr57.json,worker-05,failed,,,,pass,,N/A,N/A,,no,A,N
svelte-repl-pr59,worker-05/svelte-repl-pr59.json,worker-05,failed,,,,pass,,N/A,N/A,,no,A,N
svelte-repl-pr60,worker-05/svelte-repl-pr60.json,worker-05,failed,,,,pass,,N/A,N/A,,no,A,N
svelte-repl-pr63,worker-05/svelte-repl-pr63.json,worker-05,failed,,,,pass,,N/A,N/A,,no,A,N
svelte-repl-pr69,worker-05/svelte-repl-pr69.json,worker-05,failed,,,,pass,,N/A,N/A,,no,A,N
svelte-repl-pr96,worker-05/svelte-repl-pr96.json,worker-05,failed,,,,pass,,N/A,N/A,,no,A,N
Raneto-141,worker-06/Raneto-141.json,worker-06,completed,COMPLETED,abnormal,14,pass,,yes,match,,no,A,Y
Raneto-8,worker-06/Raneto-8.json,worker-06,completed,COMPLETED,normal,22,pass,,yes,match,,no,A,Y
Raneto-88,worker-06/Raneto-88.json,worker-06,completed,STOPPED_BY_USER,unclear,-1,pass,,no_result_desc,N/A,,no,D,N
Raneto-96,worker-06/Raneto-96.json,worker-06,completed,COMPLETED,abnormal,13,pass,,yes,match,,no,A,Y
Raneto-pr305,worker-06/Raneto-pr305.json,worker-06,completed,COMPLETED,normal,5,pass,,yes,match,,no,A,Y
Raneto-pr358,worker-06/Raneto-pr358.json,worker-06,completed,COMPLETED,abnormal,12,pass,,yes,match,,no,A,Y
Raneto-pr364,worker-06/Raneto-pr364.json,worker-06,completed,STOPPED_BY_USER,abnormal,53,pass,,yes,match,,no,A,N
Raneto-pr407,worker-06/Raneto-pr407.json,worker-06,completed,COMPLETED,abnormal,38,pass,,yes,match,,no,A,Y
bridge-108,worker-06/bridge-108.json,worker-06,completed,COMPLETED,abnormal,52,pass,,yes,match,,no,A,Y
bridge-110,worker-06/bridge-110.json,worker-06,completed,COMPLETED,abnormal,36,pass,,yes,match,,no,A,Y
bridge-1103,worker-06/bridge-1103.json,worker-06,completed,COMPLETED,unclear,11,pass,,yes,match,,no,A,Y
bridge-125,worker-06/bridge-125.json,worker-06,completed,COMPLETED,abnormal,27,pass,,yes,match,,no,A,Y
bridge-200,worker-06/bridge-200.json,worker-06,completed,COMPLETED,normal,4,pass,,yes,match,,no,A,Y
bridge-301,worker-06/bridge-301.json,worker-06,completed,COMPLETED,abnormal,15,pass,,yes,match,,no,A,Y
dnd-kit-16,worker-06/dnd-kit-16.json,worker-06,completed,COMPLETED,abnormal,14,pass,,yes,match,,no,A,Y
dnd-kit-1751,worker-06/dnd-kit-1751.json,worker-06,deploy_failed,,,,fail,"#2, #3",no,N/A,,no,C,N
dnd-kit-1961,worker-06/dnd-kit-1961.json,worker-06,deploy_failed,,,,fail,"#2, #3",no,N/A,,no,C,N
dnd-kit-1977,worker-06/dnd-kit-1977.json,worker-06,deploy_failed,,,,fail,"#2, #3",no,N/A,,no,C,N
dnd-kit-298,worker-06/dnd-kit-298.json,worker-06,completed,COMPLETED,unclear,25,pass,,yes,match,,no,A,Y
dnd-kit-61,worker-06/dnd-kit-61.json,worker-06,completed,SKIPPED,unclear,0,pass,,yes,mismatch,,no,A,N
dnd-kit-pr1968,worker-06/dnd-kit-pr1968.json,worker-06,deploy_failed,,,,fail,"#2, #3",no,N/A,,no,C,N
dnd-kit-pr2021,worker-06/dnd-kit-pr2021.json,worker-06,deploy_failed,,,,fail,"#2, #3",no,N/A,,no,C,N
fontaine-500,worker-06/fontaine-500.json,worker-06,failed,,,,pass,,N/A,N/A,,no,A,N
fontaine-pr351,worker-06/fontaine-pr351.json,worker-06,failed,,,,pass,,N/A,N/A,,no,A,N
fontaine-pr405,worker-06/fontaine-pr405.json,worker-06,failed,,,,pass,,N/A,N/A,,no,A,N
headscale-ui-pr192,worker-06/headscale-ui-pr192.json,worker-06,completed,COMPLETED,abnormal,90,warn,#10,no_result_desc,N/A,,no,D,N
headscale-ui-pr207,worker-06/headscale-ui-pr207.json,worker-06,completed,COMPLETED,abnormal,44,pass,,yes,match,,no,A,Y
headscale-ui-pr27,worker-06/headscale-ui-pr27.json,worker-06,completed,COMPLETED,abnormal,25,pass,,yes,match,,no,A,Y
idraw-pr107,worker-06/idraw-pr107.json,worker-06,deploy_failed,,,,fail,"#2, #3",no,N/A,,no,C,N
idraw-pr134,worker-06/idraw-pr134.json,worker-06,deploy_failed,,,,fail,"#2, #3",no,N/A,,no,C,N
idraw-pr193,worker-06/idraw-pr193.json,worker-06,completed,COMPLETED,abnormal,38,pass,,yes,match,,no,A,Y
idraw-pr234,worker-06/idraw-pr234.json,worker-06,completed,STOPPED_BY_USER,normal,70,pass,,yes,match,,no,A,N
listen1_desktop-375,worker-06/listen1_desktop-375.json,worker-06,completed,STOPPED_BY_USER,unclear,2,pass,,yes,match,,no,A,N
listen1_desktop-pr411,worker-06/listen1_desktop-pr411.json,worker-06,completed,ERROR,unclear,67,pass,,yes,match,,no,A,N
muya-pr135,worker-06/muya-pr135.json,worker-06,completed,COMPLETED,normal,32,pass,,yes,mismatch,,no,A,N
muya-pr152,worker-06/muya-pr152.json,worker-06,completed,COMPLETED,normal,66,pass,,no,N/A,,no,D,N
muya-pr158,worker-06/muya-pr158.json,worker-06,completed,COMPLETED,normal,80,pass,,yes,match,,no,A,Y
muya-pr93,worker-06/muya-pr93.json,worker-06,completed,COMPLETED,abnormal,46,pass,,yes,match,,no,A,Y
muya-pr95,worker-06/muya-pr95.json,worker-06,completed,COMPLETED,abnormal,71,pass,,yes,match,,no,A,Y
muya-pr96,worker-06/muya-pr96.json,worker-06,completed,COMPLETED,abnormal,47,pass,,yes,match,,no,A,Y
next-themes-277,worker-06/next-themes-277.json,worker-06,completed,ERROR,unclear,6,pass,,yes,match,,no,A,N
next-themes-323,worker-06/next-themes-323.json,worker-06,completed,COMPLETED,normal,20,pass,,yes,match,,no,A,Y
next-themes-34,worker-06/next-themes-34.json,worker-06,failed,,,,pass,,N/A,N/A,,no,A,N
next-themes-85,worker-06/next-themes-85.json,worker-06,completed,STOPPED_BY_USER,normal,87,warn,#10,no_result_desc,N/A,,no,D,N
next-themes-pr11,worker-06/next-themes-pr11.json,worker-06,failed,,,,pass,,N/A,N/A,,no,A,N
next-themes-pr310,worker-06/next-themes-pr310.json,worker-06,failed,,,,pass,,N/A,N/A,,no,A,N
next-themes-pr330,worker-06/next-themes-pr330.json,worker-06,failed,,,,pass,,N/A,N/A,,no,A,N
next-themes-pr347,worker-06/next-themes-pr347.json,worker-06,failed,,,,pass,,N/A,N/A,,no,A,N
nuxt-social-share-175,worker-06/nuxt-social-share-175.json,worker-06,completed,COMPLETED,,15,fail,"#4, #6",no,N/A,,no,D,N
nuxt-social-share-314,worker-06/nuxt-social-share-314.json,worker-06,failed,,,,pass,,N/A,N/A,,no,A,N
nuxt-social-share-410,worker-06/nuxt-social-share-410.json,worker-06,completed,TIMEOUT,unclear,66,pass,,no_result_desc,N/A,,no,D,N
obsidian-tracker-113,worker-06/obsidian-tracker-113.json,worker-06,deploy_failed,,,,fail,#3,no,N/A,,no,C,N
obsidian-tracker-298,worker-06/obsidian-tracker-298.json,worker-06,deploy_failed,,,,fail,#3,no,N/A,,no,C,N
obsidian-tracker-299,worker-06/obsidian-tracker-299.json,worker-06,failed,,,,pass,,N/A,N/A,,no,A,N
obsidian-tracker-324,worker-06/obsidian-tracker-324.json,worker-06,failed,,,,pass,,N/A,N/A,,no,A,N
obsidian-tracker-pr160,worker-06/obsidian-tracker-pr160.json,worker-06,failed,,,,pass,,N/A,N/A,,no,A,N
obsidian-tracker-pr177,worker-06/obsidian-tracker-pr177.json,worker-06,failed,,,,pass,,N/A,N/A,,no,A,N
obsidian-tracker-pr536,worker-06/obsidian-tracker-pr536.json,worker-06,failed,,,,pass,,N/A,N/A,,no,A,N
perfect-freehand-pr18,worker-06/perfect-freehand-pr18.json,worker-06,completed,COMPLETED,abnormal,47,pass,,yes,match,,no,A,Y
perfect-freehand-pr22,worker-06/perfect-freehand-pr22.json,worker-06,completed,COMPLETED,normal,3,pass,,yes,match,,no,A,Y
perfect-freehand-pr54,worker-06/perfect-freehand-pr54.json,worker-06,completed,COMPLETED,abnormal,68,pass,,yes,match,,no,A,Y
pump.io-pr1157,worker-06/pump.io-pr1157.json,worker-06,completed,COMPLETED,abnormal,16,pass,,yes,match,,no,A,Y
pump.io-pr1191,worker-06/pump.io-pr1191.json,worker-06,completed,COMPLETED,abnormal,45,pass,,yes,match,,no,A,Y
pump.io-pr1311,worker-06/pump.io-pr1311.json,worker-06,completed,COMPLETED,abnormal,17,pass,,yes,match,,no,A,Y
pump.io-pr1355,worker-06/pump.io-pr1355.json,worker-06,completed,TIMEOUT,,32,fail,"#4, #6",no,N/A,,no,D,N
pump.io-pr1432,worker-06/pump.io-pr1432.json,worker-06,completed,COMPLETED,abnormal,16,pass,,yes,match,,no,A,Y
pump.io-pr1438,worker-06/pump.io-pr1438.json,worker-06,completed,TIMEOUT,,25,fail,#4,yes,match,,no,C,N
pump.io-pr1465,worker-06/pump.io-pr1465.json,worker-06,completed,TIMEOUT,,27,fail,"#4, #6",no,N/A,,no,D,N
pump.io-pr926,worker-06/pump.io-pr926.json,worker-06,completed,TIMEOUT,unclear,101,warn,#10,no,N/A,,no,D,N
shadcn-svelte-extras-166,worker-06/shadcn-svelte-extras-166.json,worker-06,completed,TIMEOUT,,42,fail,#4,yes,match,,no,C,N
shadcn-svelte-extras-pr229,worker-06/shadcn-svelte-extras-pr229.json,worker-06,completed,COMPLETED,abnormal,8,pass,,yes,match,,no,A,Y
shadcn-svelte-extras-pr245,worker-06/shadcn-svelte-extras-pr245.json,worker-06,completed,COMPLETED,abnormal,15,pass,,yes,match,,no,A,Y
shadcn-svelte-extras-pr296,worker-06/shadcn-svelte-extras-pr296.json,worker-06,completed,TIMEOUT,,38,fail,#4,yes,match,,no,C,N
shadcn-svelte-extras-pr330,worker-06/shadcn-svelte-extras-pr330.json,worker-06,completed,ERROR,,20,fail,#4,yes,mismatch,,no,C,N
shadcn-svelte-extras-pr355,worker-06/shadcn-svelte-extras-pr355.json,worker-06,completed,ERROR,,2,fail,#4,yes,match,,no,C,N
shadcn-svelte-extras-pr360,worker-06/shadcn-svelte-extras-pr360.json,worker-06,completed,COMPLETED,abnormal,6,pass,,yes,match,,no,A,Y
shadcn-svelte-extras-pr361,worker-06/shadcn-svelte-extras-pr361.json,worker-06,completed,TIMEOUT,,50,fail,"#4, #6",no,N/A,,no,D,N
svelthree-159,worker-06/svelthree-159.json,worker-06,failed,,,,pass,,N/A,N/A,,no,A,N
svelthree-189,worker-06/svelthree-189.json,worker-06,failed,,,,pass,,N/A,N/A,,no,A,N
svelthree-pr25,worker-06/svelthree-pr25.json,worker-06,failed,,,,pass,,N/A,N/A,,no,A,N
tensei-pr121,worker-06/tensei-pr121.json,worker-06,failed,,,,pass,,N/A,N/A,,no,A,N
tensei-pr228,worker-06/tensei-pr228.json,worker-06,failed,,,,pass,,N/A,N/A,,no,A,N
tensei-pr230,worker-06/tensei-pr230.json,worker-06,failed,,,,pass,,N/A,N/A,,no,A,N
tensei-pr246,worker-06/tensei-pr246.json,worker-06,failed,,,,pass,,N/A,N/A,,no,A,N
tensei-pr247,worker-06/tensei-pr247.json,worker-06,failed,,,,pass,,N/A,N/A,,no,A,N
tensei-pr252,worker-06/tensei-pr252.json,worker-06,failed,,,,pass,,N/A,N/A,,no,A,N
tensei-pr267,worker-06/tensei-pr267.json,worker-06,failed,,,,pass,,N/A,N/A,,no,A,N
tensei-pr269,worker-06/tensei-pr269.json,worker-06,failed,,,,pass,,N/A,N/A,,no,A,N
vscode-drawio-53,worker-06/vscode-drawio-53.json,worker-06,failed,,,,pass,,N/A,N/A,,no,A,N
vscode-drawio-pr117,worker-06/vscode-drawio-pr117.json,worker-06,failed,,,,pass,,N/A,N/A,,no,A,N
vscode-drawio-pr152,worker-06/vscode-drawio-pr152.json,worker-06,failed,,,,pass,,N/A,N/A,,no,A,N
vue-notion-41,worker-06/vue-notion-41.json,worker-06,completed,COMPLETED,,50,fail,"#4, #6",no,N/A,,no,D,N
vue-notion-pr46,worker-06/vue-notion-pr46.json,worker-06,completed,COMPLETED,,35,fail,"#4, #6",no,N/A,,no,D,N
vue-notion-pr57,worker-06/vue-notion-pr57.json,worker-06,completed,COMPLETED,,50,fail,"#4, #6",no,N/A,,no,D,N
4gaBoards-19,worker-07/4gaBoards-19.json,worker-07,failed,,,,pass,,N/A,N/A,,no,A,N
4gaBoards-265,worker-07/4gaBoards-265.json,worker-07,failed,,,,pass,,N/A,N/A,,no,A,N
4gaBoards-443,worker-07/4gaBoards-443.json,worker-07,failed,,,,pass,,N/A,N/A,,no,A,N
4gaBoards-pr772,worker-07/4gaBoards-pr772.json,worker-07,failed,,,,pass,,N/A,N/A,,no,A,N
AlgerMusicPlayer-275,worker-07/AlgerMusicPlayer-275.json,worker-07,completed,COMPLETED,abnormal,43,pass,,yes,match,,no,A,Y
AlgerMusicPlayer-42,worker-07/AlgerMusicPlayer-42.json,worker-07,completed,COMPLETED,unclear,32,pass,,yes,match,,no,A,Y
AlgerMusicPlayer-43,worker-07/AlgerMusicPlayer-43.json,worker-07,completed,STOPPED_BY_USER,unclear,52,pass,,no_result_desc,N/A,,no,D,N
AlgerMusicPlayer-pr268,worker-07/AlgerMusicPlayer-pr268.json,worker-07,failed,,,,pass,,N/A,N/A,,no,A,N
AlgerMusicPlayer-pr644,worker-07/AlgerMusicPlayer-pr644.json,worker-07,failed,,,,pass,,N/A,N/A,,no,A,N
Armoria-pr115,worker-07/Armoria-pr115.json,worker-07,completed,STOPPED_BY_USER,abnormal,151,warn,#10,no_result_desc,N/A,,no,D,N
Armoria-pr122,worker-07/Armoria-pr122.json,worker-07,completed,STOPPED_BY_USER,abnormal,138,warn,#10,no_result_desc,N/A,,no,D,N
Armoria-pr125,worker-07/Armoria-pr125.json,worker-07,completed,COMPLETED,normal,42,pass,,yes,match,,no,A,Y
Armoria-pr132,worker-07/Armoria-pr132.json,worker-07,completed,STOPPED_BY_USER,unclear,115,warn,#10,no_result_desc,N/A,,no,D,N
Armoria-pr206,worker-07/Armoria-pr206.json,worker-07,completed,STOPPED_BY_USER,abnormal,131,warn,#10,no_result_desc,N/A,,no,D,N
BitFun-126,worker-07/BitFun-126.json,worker-07,completed,COMPLETED,unclear,8,pass,,yes,match,,no,A,Y
BitFun-188,worker-07/BitFun-188.json,worker-07,completed,,,,fail,"#4, #6",no,N/A,,no,D,N
BitFun-pr390,worker-07/BitFun-pr390.json,worker-07,failed,,,,pass,,N/A,N/A,,no,A,N
BitFun-pr397,worker-07/BitFun-pr397.json,worker-07,failed,,,,pass,,N/A,N/A,,no,A,N
BitFun-pr399,worker-07/BitFun-pr399.json,worker-07,completed,ERROR,unclear,63,pass,,yes,match,,no,A,N
BitFun-pr400,worker-07/BitFun-pr400.json,worker-07,completed,COMPLETED,abnormal,51,pass,,yes,match,,no,A,Y
BitFun-pr411,worker-07/BitFun-pr411.json,worker-07,failed,,,,pass,,N/A,N/A,,no,A,N
BitFun-pr414,worker-07/BitFun-pr414.json,worker-07,failed,,,,pass,,N/A,N/A,,no,A,N
SponsorBlock-789,worker-07/SponsorBlock-789.json,worker-07,failed,,,,pass,,N/A,N/A,,no,A,N
SponsorBlock-pr1427,worker-07/SponsorBlock-pr1427.json,worker-07,failed,,,,pass,,N/A,N/A,,no,A,N
SponsorBlock-pr1453,worker-07/SponsorBlock-pr1453.json,worker-07,failed,,,,pass,,N/A,N/A,,no,A,N
SponsorBlock-pr1493,worker-07/SponsorBlock-pr1493.json,worker-07,failed,,,,pass,,N/A,N/A,,no,A,N
SponsorBlock-pr1979,worker-07/SponsorBlock-pr1979.json,worker-07,failed,,,,pass,,N/A,N/A,,no,A,N
SponsorBlock-pr1983,worker-07/SponsorBlock-pr1983.json,worker-07,failed,,,,pass,,N/A,N/A,,no,A,N
SponsorBlock-pr2135,worker-07/SponsorBlock-pr2135.json,worker-07,failed,,,,pass,,N/A,N/A,,no,A,N
SponsorBlock-pr2336,worker-07/SponsorBlock-pr2336.json,worker-07,failed,,,,pass,,N/A,N/A,,no,A,N
angular-auth-oidc-client-1028,worker-07/angular-auth-oidc-client-1028.json,worker-07,failed,,,,fail,"#2, #7",N/A,N/A,,no,C,N
angular-auth-oidc-client-1118,worker-07/angular-auth-oidc-client-1118.json,worker-07,failed,,,,fail,"#2, #7",N/A,N/A,,no,C,N
angular-auth-oidc-client-1409,worker-07/angular-auth-oidc-client-1409.json,worker-07,failed,,,,fail,"#2, #7",N/A,N/A,,no,C,N
angular-auth-oidc-client-pr1988,worker-07/angular-auth-oidc-client-pr1988.json,worker-07,completed,DONE,unclear,38,pass,,yes,match,,no,A,N
docus-134,worker-07/docus-134.json,worker-07,completed,COMPLETED,abnormal,36,pass,,yes,match,,no,A,Y
docus-139,worker-07/docus-139.json,worker-07,completed,COMPLETED,abnormal,26,pass,,yes,match,,no,A,Y
docus-140,worker-07/docus-140.json,worker-07,failed,,,,warn,#16,N/A,N/A,,no,A,N
docus-141,worker-07/docus-141.json,worker-07,failed,,,,warn,#16,N/A,N/A,,no,A,N
docus-366,worker-07/docus-366.json,worker-07,failed,,,,pass,,N/A,N/A,,no,A,N
docus-396,worker-07/docus-396.json,worker-07,failed,,,,pass,,N/A,N/A,,no,A,N
docus-489,worker-07/docus-489.json,worker-07,failed,,,,pass,,N/A,N/A,,no,A,N
docus-608,worker-07/docus-608.json,worker-07,failed,,,,pass,,N/A,N/A,,no,A,N
fluent-svelte-pr16,worker-07/fluent-svelte-pr16.json,worker-07,failed,,,,fail,"#2, #7",N/A,N/A,,no,C,N
fluent-svelte-pr26,worker-07/fluent-svelte-pr26.json,worker-07,failed,,,,fail,"#2, #7",N/A,N/A,,no,C,N
fluent-svelte-pr29,worker-07/fluent-svelte-pr29.json,worker-07,failed,,,,fail,"#2, #7",N/A,N/A,,no,C,N
fluent-svelte-pr48,worker-07/fluent-svelte-pr48.json,worker-07,failed,,,,fail,"#2, #7",N/A,N/A,,no,C,N
inspira-ui-157,worker-07/inspira-ui-157.json,worker-07,completed,ERROR,abnormal,12,pass,,yes,match,,no,A,N
inspira-ui-162,worker-07/inspira-ui-162.json,worker-07,completed,STOPPED_BY_USER,normal,34,pass,,yes,match,,no,A,N
inspira-ui-204,worker-07/inspira-ui-204.json,worker-07,completed,COMPLETED,abnormal,27,pass,,yes,match,,no,A,Y
inspira-ui-217,worker-07/inspira-ui-217.json,worker-07,completed,COMPLETED,abnormal,20,pass,,yes,match,,no,A,Y
jsPDF-AutoTable-794,worker-07/jsPDF-AutoTable-794.json,worker-07,completed,DONE,abnormal,29,pass,,yes,match,,no,A,N
jsPDF-AutoTable-805,worker-07/jsPDF-AutoTable-805.json,worker-07,completed,STOPPED_BY_USER,abnormal,40,pass,,yes,match,,no,A,N
jsPDF-AutoTable-897,worker-07/jsPDF-AutoTable-897.json,worker-07,completed,DONE,normal,39,pass,,yes,match,,no,A,N
jsPDF-AutoTable-915,worker-07/jsPDF-AutoTable-915.json,worker-07,completed,DONE,abnormal,39,pass,,yes,match,,no,A,N
mini-media-player-467,worker-07/mini-media-player-467.json,worker-07,failed,,,,pass,,N/A,N/A,,no,A,N
mini-media-player-561,worker-07/mini-media-player-561.json,worker-07,failed,,,,pass,,N/A,N/A,,no,A,N
mini-media-player-657,worker-07/mini-media-player-657.json,worker-07,failed,,,,pass,,N/A,N/A,,no,A,N
mini-media-player-665,worker-07/mini-media-player-665.json,worker-07,failed,,,,pass,,N/A,N/A,,no,A,N
mini-media-player-704,worker-07/mini-media-player-704.json,worker-07,failed,,,,pass,,N/A,N/A,,no,A,N
mini-media-player-785,worker-07/mini-media-player-785.json,worker-07,failed,,,,pass,,N/A,N/A,,no,A,N
mini-media-player-821,worker-07/mini-media-player-821.json,worker-07,failed,,,,pass,,N/A,N/A,,no,A,N
pell-66,worker-07/pell-66.json,worker-07,failed,,,,pass,,N/A,N/A,,no,A,N
reactour-pr405,worker-07/reactour-pr405.json,worker-07,completed,STOPPED_BY_USER,abnormal,22,pass,,no_result_desc,N/A,,no,D,N
reactour-pr448,worker-07/reactour-pr448.json,worker-07,completed,STOPPED_BY_USER,abnormal,43,pass,,no_result_desc,N/A,,no,D,N
reactour-pr48,worker-07/reactour-pr48.json,worker-07,completed,COMPLETED,abnormal,16,pass,,yes,match,,no,A,Y
reactour-pr49,worker-07/reactour-pr49.json,worker-07,completed,STOPPED_BY_USER,normal,33,pass,,no_result_desc,N/A,,no,D,N
reactour-pr529,worker-07/reactour-pr529.json,worker-07,completed,STOPPED_BY_USER,abnormal,83,warn,#10,no_result_desc,N/A,,no,D,N
reactour-pr639,worker-07/reactour-pr639.json,worker-07,completed,STOPPED_BY_USER,abnormal,44,pass,,no_result_desc,N/A,,no,D,N
reactour-pr647,worker-07/reactour-pr647.json,worker-07,completed,COMPLETED,abnormal,10,pass,,yes,match,,no,A,Y
reactour-pr660,worker-07/reactour-pr660.json,worker-07,completed,STOPPED_BY_USER,abnormal,22,pass,,no_result_desc,N/A,,no,D,N
svelty-picker-pr124,worker-07/svelty-picker-pr124.json,worker-07,completed,STOPPED_BY_USER,unclear,82,warn,#10,yes,match,,no,B,N
svelty-picker-pr155,worker-07/svelty-picker-pr155.json,worker-07,completed,STOPPED_BY_USER,abnormal,65,pass,,yes,match,,no,A,N
svelty-picker-pr156,worker-07/svelty-picker-pr156.json,worker-07,completed,STOPPED_BY_USER,normal,78,pass,,no_result_desc,N/A,,no,D,N
svelty-picker-pr71,worker-07/svelty-picker-pr71.json,worker-07,failed,,,,fail,"#2, #7",N/A,N/A,,no,C,N
swagger-2010,worker-07/swagger-2010.json,worker-07,completed,DONE,abnormal,15,pass,,yes,match,,no,A,N
swagger-2945,worker-07/swagger-2945.json,worker-07,completed,STOPPED_BY_USER,normal,55,pass,,yes,match,,no,A,N
swagger-2946,worker-07/swagger-2946.json,worker-07,completed,STOPPED_BY_USER,normal,84,warn,#10,yes,match,,no,B,N
swagger-3581,worker-07/swagger-3581.json,worker-07,completed,DONE,abnormal,21,pass,,yes,match,,no,A,N
todo-angular-firebase-pr141,worker-07/todo-angular-firebase-pr141.json,worker-07,failed,,,,pass,,N/A,N/A,,no,A,N
todo-angular-firebase-pr6,worker-07/todo-angular-firebase-pr6.json,worker-07,failed,,,,pass,,N/A,N/A,,no,A,N
turnstile-250,worker-07/turnstile-250.json,worker-07,completed,STOPPED_BY_USER,normal,50,pass,,no_result_desc,N/A,,no,D,N
turnstile-267,worker-07/turnstile-267.json,worker-07,completed,STOPPED_BY_USER,normal,54,pass,,yes,match,,no,A,N
visual-drag-demo-39,worker-07/visual-drag-demo-39.json,worker-07,completed,COMPLETED,abnormal,16,pass,,yes,match,,no,A,Y
visual-drag-demo-pr122,worker-07/visual-drag-demo-pr122.json,worker-07,completed,ERROR,normal,40,pass,,no_result_desc,N/A,,no,D,N
visual-drag-demo-pr133,worker-07/visual-drag-demo-pr133.json,worker-07,completed,STOPPED_BY_USER,unclear,39,pass,,no_result_desc,N/A,,no,D,N
visual-drag-demo-pr142,worker-07/visual-drag-demo-pr142.json,worker-07,completed,COMPLETED,abnormal,26,pass,,yes,match,,no,A,Y
visual-drag-demo-pr27,worker-07/visual-drag-demo-pr27.json,worker-07,completed,STOPPED_BY_USER,abnormal,41,pass,,no_result_desc,N/A,,no,D,N
visual-drag-demo-pr28,worker-07/visual-drag-demo-pr28.json,worker-07,completed,STOPPED_BY_USER,abnormal,39,pass,,yes,match,,no,A,N
visual-drag-demo-pr32,worker-07/visual-drag-demo-pr32.json,worker-07,completed,COMPLETED,normal,21,pass,,yes,match,,no,A,Y
wx_calendar-267,worker-07/wx_calendar-267.json,worker-07,failed,,,,fail,"#2, #7",N/A,N/A,,no,C,N
wx_calendar-276,worker-07/wx_calendar-276.json,worker-07,failed,,,,fail,"#2, #7",N/A,N/A,,no,C,N
wx_calendar-284,worker-07/wx_calendar-284.json,worker-07,failed,,,,fail,"#2, #7",N/A,N/A,,no,C,N
wx_calendar-293,worker-07/wx_calendar-293.json,worker-07,failed,,,,fail,"#2, #7",N/A,N/A,,no,C,N
wx_calendar-317,worker-07/wx_calendar-317.json,worker-07,failed,,,,fail,"#2, #7",N/A,N/A,,no,C,N
wx_calendar-326,worker-07/wx_calendar-326.json,worker-07,failed,,,,fail,"#2, #7",N/A,N/A,,no,C,N
wx_calendar-333,worker-07/wx_calendar-333.json,worker-07,failed,,,,fail,"#2, #7",N/A,N/A,,no,C,N
wx_calendar-361,worker-07/wx_calendar-361.json,worker-07,failed,,,,fail,"#2, #7",N/A,N/A,,no,C,N
DaybydayCRM-pr381,worker-08/DaybydayCRM-pr381.json,worker-08,completed,SKIPPED,unclear,0,fail,#6,no,N/A,,no,D,N
DaybydayCRM-pr420,worker-08/DaybydayCRM-pr420.json,worker-08,completed,SKIPPED,unclear,0,fail,#6,no,N/A,,no,D,N
add-to-calendar-button-pr411,worker-08/add-to-calendar-button-pr411.json,worker-08,completed,COMPLETED,abnormal,81,warn,#10,yes,match,,no,B,Y
add-to-calendar-button-pr735,worker-08/add-to-calendar-button-pr735.json,worker-08,completed,COMPLETED,abnormal,24,pass,,yes,match,,no,A,Y
angular-bootstrap-datetimepicker-pr426,worker-08/angular-bootstrap-datetimepicker-pr426.json,worker-08,completed,KILLED_AT_80,has_bug,80,fail,#5,no_result_desc,N/A,,no,D,N
angular-bootstrap-datetimepicker-pr49,worker-08/angular-bootstrap-datetimepicker-pr49.json,worker-08,completed,SKIPPED,unclear,0,fail,#6,no,N/A,,no,D,N
angular-bootstrap-datetimepicker-pr51,worker-08/angular-bootstrap-datetimepicker-pr51.json,worker-08,completed,COMPLETED,abnormal,36,pass,,yes,match,,no,A,Y
automa-1051,worker-08/automa-1051.json,worker-08,failed,,,,warn,#16,N/A,N/A,,no,A,N
automa-1052,worker-08/automa-1052.json,worker-08,failed,,,,pass,,N/A,N/A,,no,A,N
automa-1316,worker-08/automa-1316.json,worker-08,failed,,,,pass,,N/A,N/A,,no,A,N
automa-504,worker-08/automa-504.json,worker-08,failed,,,,pass,,N/A,N/A,,no,A,N
automa-726,worker-08/automa-726.json,worker-08,failed,,,,pass,,N/A,N/A,,no,A,N
automa-pr1604,worker-08/automa-pr1604.json,worker-08,failed,,,,pass,,N/A,N/A,,no,A,N
automa-pr1691,worker-08/automa-pr1691.json,worker-08,failed,,,,pass,,N/A,N/A,,no,A,N
automa-pr1928,worker-08/automa-pr1928.json,worker-08,failed,,,,pass,,N/A,N/A,,no,A,N
chronoframe-92,worker-08/chronoframe-92.json,worker-08,completed,SKIPPED,unclear,0,fail,#6,no,N/A,,no,D,N
chronoframe-pr273,worker-08/chronoframe-pr273.json,worker-08,completed,SKIPPED,unclear,0,fail,#6,no,N/A,,no,D,N
evlog-160,worker-08/evlog-160.json,worker-08,completed,SKIPPED,unclear,0,fail,#6,no,N/A,,no,D,N
evlog-164,worker-08/evlog-164.json,worker-08,completed,SKIPPED,unclear,0,fail,#6,no,N/A,,no,D,N
ext-saladict-116,worker-08/ext-saladict-116.json,worker-08,failed,,,,pass,,N/A,N/A,,no,A,N
ext-saladict-1371,worker-08/ext-saladict-1371.json,worker-08,failed,,,,pass,,N/A,N/A,,no,A,N
ext-saladict-1532,worker-08/ext-saladict-1532.json,worker-08,failed,,,,pass,,N/A,N/A,,no,A,N
ext-saladict-209,worker-08/ext-saladict-209.json,worker-08,failed,,,,pass,,N/A,N/A,,no,A,N
ext-saladict-298,worker-08/ext-saladict-298.json,worker-08,failed,,,,pass,,N/A,N/A,,no,A,N
ext-saladict-479,worker-08/ext-saladict-479.json,worker-08,failed,,,,pass,,N/A,N/A,,no,A,N
ext-saladict-587,worker-08/ext-saladict-587.json,worker-08,failed,,,,pass,,N/A,N/A,,no,A,N
ext-saladict-93,worker-08/ext-saladict-93.json,worker-08,failed,,,,pass,,N/A,N/A,,no,A,N
github-readme-activity-graph-106,worker-08/github-readme-activity-graph-106.json,worker-08,completed,COMPLETED,abnormal,59,pass,,yes,match,,no,A,Y
github-readme-activity-graph-130,worker-08/github-readme-activity-graph-130.json,worker-08,completed,COMPLETED,abnormal,51,pass,,yes,match,,no,A,Y
github-readme-activity-graph-16,worker-08/github-readme-activity-graph-16.json,worker-08,completed,COMPLETED,unclear,13,pass,,yes,match,,no,A,Y
github-readme-activity-graph-pr104,worker-08/github-readme-activity-graph-pr104.json,worker-08,completed,COMPLETED,abnormal,74,pass,,yes,match,,no,A,Y
github-readme-activity-graph-pr105,worker-08/github-readme-activity-graph-pr105.json,worker-08,completed,COMPLETED,abnormal,76,pass,,yes,match,,no,A,Y
github-readme-activity-graph-pr164,worker-08/github-readme-activity-graph-pr164.json,worker-08,completed,COMPLETED,abnormal,64,pass,,yes,match,,no,A,Y
github-readme-activity-graph-pr9,worker-08/github-readme-activity-graph-pr9.json,worker-08,completed,SKIPPED,unclear,0,fail,#6,no,N/A,,no,D,N
jsPDF-AutoTable-1001,worker-08/jsPDF-AutoTable-1001.json,worker-08,completed,COMPLETED,unclear,39,pass,,yes,match,,no,A,Y
jsPDF-AutoTable-480,worker-08/jsPDF-AutoTable-480.json,worker-08,completed,COMPLETED,abnormal,15,pass,,yes,match,,no,A,Y
jsPDF-AutoTable-623,worker-08/jsPDF-AutoTable-623.json,worker-08,completed,COMPLETED,unclear,49,pass,,yes,match,,no,A,Y
jsPDF-AutoTable-691,worker-08/jsPDF-AutoTable-691.json,worker-08,completed,COMPLETED,unclear,100,warn,#10,no,N/A,,no,D,N
medical-appointment-scheduling-131,worker-08/medical-appointment-scheduling-131.json,worker-08,completed,KILLED_AT_80,unclear,82,warn,#10,no_result_desc,N/A,,no,D,N
medical-appointment-scheduling-91,worker-08/medical-appointment-scheduling-91.json,worker-08,completed,KILLED_AT_80,unclear,82,warn,#10,no_result_desc,N/A,,no,D,N
mission-control-526,worker-08/mission-control-526.json,worker-08,completed,SKIPPED,unclear,0,fail,#6,no,N/A,,no,D,N
mission-control-529,worker-08/mission-control-529.json,worker-08,completed,SKIPPED,unclear,0,fail,#6,no,N/A,,no,D,N
ngx-loading-bar-184,worker-08/ngx-loading-bar-184.json,worker-08,completed,ERROR,unclear,6,pass,,yes,match,,no,A,N
ngx-loading-bar-40,worker-08/ngx-loading-bar-40.json,worker-08,completed,KILLED_AT_80,unclear,80,pass,,no_result_desc,N/A,,no,D,N
ngx-loading-bar-43,worker-08/ngx-loading-bar-43.json,worker-08,completed,KILLED_AT_80,unclear,80,pass,,no_result_desc,N/A,,no,D,N
ngx-loading-bar-65,worker-08/ngx-loading-bar-65.json,worker-08,completed,COMPLETED,unclear,18,pass,,no_result_desc,N/A,,no,D,N
ngx-loading-bar-85,worker-08/ngx-loading-bar-85.json,worker-08,completed,COMPLETED,unclear,10,pass,,no_result_desc,N/A,,no,D,N
ngx-loading-bar-93,worker-08/ngx-loading-bar-93.json,worker-08,completed,COMPLETED,no_bug,50,fail,#5,yes,mismatch,,no,C,N
ngx-loading-bar-pr159,worker-08/ngx-loading-bar-pr159.json,worker-08,completed,KILLED_AT_80,has_bug,80,fail,#5,no_result_desc,N/A,,no,D,N
ngx-loading-bar-pr164,worker-08/ngx-loading-bar-pr164.json,worker-08,completed,COMPLETED,normal,71,pass,,yes,match,,no,A,Y
nomie6-oss-22,worker-08/nomie6-oss-22.json,worker-08,completed,COMPLETED,abnormal,33,pass,,yes,match,,no,A,Y
nomie6-oss-23,worker-08/nomie6-oss-23.json,worker-08,completed,KILLED_AT_80,unclear,80,pass,,no_result_desc,N/A,,no,D,N
nomie6-oss-37,worker-08/nomie6-oss-37.json,worker-08,completed,COMPLETED,abnormal,10,pass,,yes,match,,no,A,Y
nomie6-oss-38,worker-08/nomie6-oss-38.json,worker-08,completed,COMPLETED,abnormal,40,pass,,yes,match,,no,A,Y
nomie6-oss-41,worker-08/nomie6-oss-41.json,worker-08,completed,COMPLETED,normal,68,pass,,yes,match,,no,A,Y
nomie6-oss-56,worker-08/nomie6-oss-56.json,worker-08,completed,COMPLETED,normal,26,pass,,yes,match,,no,A,Y
nomie6-oss-58,worker-08/nomie6-oss-58.json,worker-08,completed,KILLED_AT_80,unclear,80,fail,#6,no,N/A,,no,D,N
nomie6-oss-pr48,worker-08/nomie6-oss-pr48.json,worker-08,completed,COMPLETED,normal,38,pass,,yes,match,,no,A,Y
notivue-pr61,worker-08/notivue-pr61.json,worker-08,completed,COMPLETED,abnormal,69,pass,,yes,match,,no,A,Y
nuxt-directus-144,worker-08/nuxt-directus-144.json,worker-08,completed,SKIPPED,unclear,0,fail,#6,no,N/A,,no,D,N
nuxt-directus-147,worker-08/nuxt-directus-147.json,worker-08,completed,SKIPPED,unclear,0,fail,#6,no,N/A,,no,D,N
nuxt-directus-157,worker-08/nuxt-directus-157.json,worker-08,completed,SKIPPED,unclear,0,fail,#6,no,N/A,,no,D,N
nuxt-swiper-139,worker-08/nuxt-swiper-139.json,worker-08,failed,,,,pass,,N/A,N/A,,no,A,N
nuxt-swiper-pr4,worker-08/nuxt-swiper-pr4.json,worker-08,failed,,,,pass,,N/A,N/A,,no,A,N
openapi-gui-pr55,worker-08/openapi-gui-pr55.json,worker-08,completed,COMPLETED,abnormal,65,pass,,yes,match,,no,A,Y
openapi-gui-pr62,worker-08/openapi-gui-pr62.json,worker-08,completed,COMPLETED,normal,78,pass,,yes,match,,no,A,Y
qinglong-pr2811,worker-08/qinglong-pr2811.json,worker-08,completed,SKIPPED,unclear,0,fail,#6,no,N/A,,no,D,N
qinglong-pr2833,worker-08/qinglong-pr2833.json,worker-08,completed,SKIPPED,unclear,0,fail,#6,no,N/A,,no,D,N
qinglong-pr2837,worker-08/qinglong-pr2837.json,worker-08,completed,SKIPPED,unclear,0,fail,#6,no,N/A,,no,D,N
qinglong-pr2862,worker-08/qinglong-pr2862.json,worker-08,failed,,,,warn,#16,N/A,N/A,,no,A,N
qinglong-pr2869,worker-08/qinglong-pr2869.json,worker-08,failed,,,,pass,,N/A,N/A,,no,A,N
qinglong-pr2877,worker-08/qinglong-pr2877.json,worker-08,failed,,,,pass,,N/A,N/A,,no,A,N
qinglong-pr613,worker-08/qinglong-pr613.json,worker-08,failed,,,,pass,,N/A,N/A,,no,A,N
wx-calendar-140,worker-08/wx-calendar-140.json,worker-08,failed,,,,pass,,N/A,N/A,,no,A,N
wx-calendar-147,worker-08/wx-calendar-147.json,worker-08,failed,,,,pass,,N/A,N/A,,no,A,N
wx-calendar-153,worker-08/wx-calendar-153.json,worker-08,failed,,,,pass,,N/A,N/A,,no,A,N
wx-calendar-159,worker-08/wx-calendar-159.json,worker-08,failed,,,,pass,,N/A,N/A,,no,A,N
wx-calendar-88,worker-08/wx-calendar-88.json,worker-08,failed,,,,pass,,N/A,N/A,,no,A,N
wx-calendar-89,worker-08/wx-calendar-89.json,worker-08,failed,,,,pass,,N/A,N/A,,no,A,N
wx-calendar-pr25,worker-08/wx-calendar-pr25.json,worker-08,failed,,,,pass,,N/A,N/A,,no,A,N
Concierge-68,worker-09/Concierge-68.json,worker-09,failed,,,,fail,"#2, #7",N/A,N/A,,no,C,N
Concierge-pr102,worker-09/Concierge-pr102.json,worker-09,failed,,,,fail,"#2, #7",N/A,N/A,,no,C,N
air-datepicker-613,worker-09/air-datepicker-613.json,worker-09,completed,TIMEOUT,unclear,16,pass,,no_result_desc,N/A,,no,D,N
air-datepicker-pr471,worker-09/air-datepicker-pr471.json,worker-09,completed,SKIPPED,unclear,0,fail,"#2, #4, #6",no,N/A,,no,D,N
bananas-pr57,worker-09/bananas-pr57.json,worker-09,failed,,,,fail,"#2, #7",N/A,N/A,,no,C,N
boardgame.io-1021,worker-09/boardgame.io-1021.json,worker-09,completed,COMPLETED,unclear,17,fail,"#6, #14",no,N/A,,no,D,N
boardgame.io-1096,worker-09/boardgame.io-1096.json,worker-09,completed,COMPLETED,normal,9,warn,#14,yes,mismatch,,no,B,N
boardgame.io-766,worker-09/boardgame.io-766.json,worker-09,completed,COMPLETED,abnormal,12,warn,#14,yes,match,,no,B,Y
boardgame.io-782,worker-09/boardgame.io-782.json,worker-09,completed,COMPLETED,abnormal,49,warn,#14,no_result_desc,N/A,,no,D,N
boardgame.io-800,worker-09/boardgame.io-800.json,worker-09,completed,COMPLETED,abnormal,53,warn,#14,yes,match,,no,B,Y
boardgame.io-810,worker-09/boardgame.io-810.json,worker-09,completed,COMPLETED,unclear,39,fail,"#6, #14",no,N/A,,no,D,N
boardgame.io-848,worker-09/boardgame.io-848.json,worker-09,completed,COMPLETED,unclear,42,warn,#14,no_result_desc,N/A,,no,D,N
boardgame.io-855,worker-09/boardgame.io-855.json,worker-09,completed,COMPLETED,normal,45,fail,"#6, #14",no,N/A,,no,D,N
chatgpt-ui-pr2,worker-09/chatgpt-ui-pr2.json,worker-09,completed,COMPLETED,abnormal,12,pass,,yes,match,,no,A,Y
chatgpt-ui-pr244,worker-09/chatgpt-ui-pr244.json,worker-09,failed,,,,fail,"#2, #7",N/A,N/A,,no,C,N
chimee-pr357,worker-09/chimee-pr357.json,worker-09,failed,,,,fail,"#2, #7",N/A,N/A,,no,C,N
components-pr141,worker-09/components-pr141.json,worker-09,completed,COMPLETED,unclear,6,pass,,yes,match,,no,A,Y
conform-306,worker-09/conform-306.json,worker-09,completed,COMPLETED,unclear,4,warn,#14,yes,mismatch,,no,B,N
conform-401,worker-09/conform-401.json,worker-09,completed,COMPLETED,unclear,1,warn,#14,yes,match,,no,B,Y
conform-454,worker-09/conform-454.json,worker-09,completed,ERROR,unclear,0,warn,#14,no,match,,no,D,N
conform-469,worker-09/conform-469.json,worker-09,completed,STOPPED,unclear,69,pass,,no_result_desc,N/A,,no,D,N
conform-518,worker-09/conform-518.json,worker-09,completed,COMPLETED,unclear,28,pass,,yes,match,,no,A,Y
conform-591,worker-09/conform-591.json,worker-09,completed,COMPLETED,abnormal,8,pass,,yes,match,,no,A,Y
conform-pr1122,worker-09/conform-pr1122.json,worker-09,completed,COMPLETED,normal,19,pass,,yes,match,,no,A,Y
date-picker-svelte-pr22,worker-09/date-picker-svelte-pr22.json,worker-09,completed,COMPLETED,normal,37,pass,,yes,match,,no,A,Y
drawnix-pr317,worker-09/drawnix-pr317.json,worker-09,completed,COMPLETED,normal,41,pass,,yes,match,,no,A,Y
drawnix-pr324,worker-09/drawnix-pr324.json,worker-09,completed,COMPLETED,abnormal,12,warn,#14,yes,match,,no,B,Y
fhir-emr-214,worker-09/fhir-emr-214.json,worker-09,failed,,,,warn,#14,N/A,N/A,,no,A,N
fhir-emr-295,worker-09/fhir-emr-295.json,worker-09,failed,,,,warn,#14,N/A,N/A,,no,A,N
fhir-emr-391,worker-09/fhir-emr-391.json,worker-09,failed,,,,warn,#14,N/A,N/A,,no,A,N
fhir-emr-54,worker-09/fhir-emr-54.json,worker-09,failed,,,,warn,#14,N/A,N/A,,no,A,N
fhir-emr-pr576,worker-09/fhir-emr-pr576.json,worker-09,failed,,,,warn,#14,N/A,N/A,,no,A,N
fhir-emr-pr701,worker-09/fhir-emr-pr701.json,worker-09,failed,,,,warn,#14,N/A,N/A,,no,A,N
fhir-emr-pr763,worker-09/fhir-emr-pr763.json,worker-09,failed,,,,warn,#14,N/A,N/A,,no,A,N
fhir-emr-pr764,worker-09/fhir-emr-pr764.json,worker-09,failed,,,,warn,#14,N/A,N/A,,no,A,N
hads-32,worker-09/hads-32.json,worker-09,completed,COMPLETED,abnormal,15,warn,#14,yes,match,,no,B,Y
hads-pr13,worker-09/hads-pr13.json,worker-09,completed,COMPLETED,abnormal,21,warn,#14,yes,match,,no,B,Y
hads-pr43,worker-09/hads-pr43.json,worker-09,completed,COMPLETED,abnormal,3,warn,#14,yes,match,,no,B,Y
hastic-grafana-app-223,worker-09/hastic-grafana-app-223.json,worker-09,completed,COMPLETED,unclear,0,fail,"#6, #14",no,N/A,,no,D,N
hastic-grafana-app-275,worker-09/hastic-grafana-app-275.json,worker-09,completed,COMPLETED,unclear,0,fail,"#6, #14",no,N/A,,no,D,N
hastic-grafana-app-324,worker-09/hastic-grafana-app-324.json,worker-09,completed,COMPLETED,unclear,0,fail,"#6, #14",no,N/A,,no,D,N
idraw-pr328,worker-09/idraw-pr328.json,worker-09,failed,,,,fail,"#2, #7",N/A,N/A,,no,C,N
idraw-pr355,worker-09/idraw-pr355.json,worker-09,failed,,,,fail,"#2, #7",N/A,N/A,,no,C,N
idraw-pr363,worker-09/idraw-pr363.json,worker-09,failed,,,,fail,"#2, #7",N/A,N/A,,no,C,N
idraw-pr99,worker-09/idraw-pr99.json,worker-09,failed,,,,fail,"#2, #7",N/A,N/A,,no,C,N
kubebox-60,worker-09/kubebox-60.json,worker-09,failed,,,,fail,"#2, #7",N/A,N/A,,no,C,N
kubebox-76,worker-09/kubebox-76.json,worker-09,failed,,,,fail,"#2, #7",N/A,N/A,,no,C,N
kubebox-pr101,worker-09/kubebox-pr101.json,worker-09,failed,,,,fail,"#2, #7",N/A,N/A,,no,C,N
kubebox-pr65,worker-09/kubebox-pr65.json,worker-09,failed,,,,fail,"#2, #7",N/A,N/A,,no,C,N
laverna-351,worker-09/laverna-351.json,worker-09,completed,COMPLETED,unclear,25,warn,#14,no_result_desc,N/A,,no,D,N
laverna-491,worker-09/laverna-491.json,worker-09,failed,,,,warn,#14,N/A,N/A,,no,A,N
laverna-493,worker-09/laverna-493.json,worker-09,failed,,,,warn,#14,N/A,N/A,,no,A,N
laverna-497,worker-09/laverna-497.json,worker-09,failed,,,,warn,#14,N/A,N/A,,no,A,N
lenis-68,worker-09/lenis-68.json,worker-09,completed,TIMEOUT,unclear,20,pass,,no_result_desc,N/A,,no,D,N
lenis-pr507,worker-09/lenis-pr507.json,worker-09,completed,SKIPPED,unclear,0,fail,"#2, #4, #6",no,N/A,,no,D,N
mixpost-pr123,worker-09/mixpost-pr123.json,worker-09,failed,,,,fail,"#2, #7",N/A,N/A,,no,C,N
mixpost-pr57,worker-09/mixpost-pr57.json,worker-09,failed,,,,fail,"#2, #7",N/A,N/A,,no,C,N
ngx-scanner-297,worker-09/ngx-scanner-297.json,worker-09,completed,COMPLETED,unclear,30,warn,#14,yes,match,,no,B,Y
ngx-scanner-299,worker-09/ngx-scanner-299.json,worker-09,failed,,,,warn,#14,N/A,N/A,,no,A,N
ngx-scanner-333,worker-09/ngx-scanner-333.json,worker-09,failed,,,,warn,#14,N/A,N/A,,no,A,N
ngx-scanner-334,worker-09/ngx-scanner-334.json,worker-09,failed,,,,warn,#14,N/A,N/A,,no,A,N
ngx-scanner-335,worker-09/ngx-scanner-335.json,worker-09,failed,,,,warn,#14,N/A,N/A,,no,A,N
ngx-scanner-419,worker-09/ngx-scanner-419.json,worker-09,failed,,,,warn,#14,N/A,N/A,,no,A,N
ngx-scanner-557,worker-09/ngx-scanner-557.json,worker-09,failed,,,,warn,#14,N/A,N/A,,no,A,N
ngx-scanner-7,worker-09/ngx-scanner-7.json,worker-09,failed,,,,warn,#14,N/A,N/A,,no,A,N
npkill-26,worker-09/npkill-26.json,worker-09,failed,,,,warn,#14,N/A,N/A,,no,A,N
npkill-42,worker-09/npkill-42.json,worker-09,failed,,,,warn,#14,N/A,N/A,,no,A,N
npkill-67,worker-09/npkill-67.json,worker-09,failed,,,,warn,#14,N/A,N/A,,no,A,N
npkill-pr161,worker-09/npkill-pr161.json,worker-09,failed,,,,warn,#14,N/A,N/A,,no,A,N
npkill-pr196,worker-09/npkill-pr196.json,worker-09,failed,,,,warn,#14,N/A,N/A,,no,A,N
npkill-pr3,worker-09/npkill-pr3.json,worker-09,failed,,,,warn,#14,N/A,N/A,,no,A,N
npkill-pr99,worker-09/npkill-pr99.json,worker-09,failed,,,,warn,#14,N/A,N/A,,no,A,N
nuxt-graphql-client-186,worker-09/nuxt-graphql-client-186.json,worker-09,failed,,,,fail,"#2, #7",N/A,N/A,,no,C,N
nuxt-graphql-client-262,worker-09/nuxt-graphql-client-262.json,worker-09,failed,,,,fail,"#2, #7",N/A,N/A,,no,C,N
nuxt-graphql-client-270,worker-09/nuxt-graphql-client-270.json,worker-09,failed,,,,fail,"#2, #7",N/A,N/A,,no,C,N
nuxt-graphql-client-486,worker-09/nuxt-graphql-client-486.json,worker-09,failed,,,,fail,"#2, #7",N/A,N/A,,no,C,N
obsidian-execute-code-150,worker-09/obsidian-execute-code-150.json,worker-09,failed,,,,warn,#14,N/A,N/A,,no,A,N
obsidian-execute-code-169,worker-09/obsidian-execute-code-169.json,worker-09,failed,,,,warn,#14,N/A,N/A,,no,A,N
obsidian-execute-code-347,worker-09/obsidian-execute-code-347.json,worker-09,failed,,,,warn,#14,N/A,N/A,,no,A,N
obsidian-execute-code-89,worker-09/obsidian-execute-code-89.json,worker-09,failed,,,,warn,#14,N/A,N/A,,no,A,N
obsidian-execute-code-96,worker-09/obsidian-execute-code-96.json,worker-09,failed,,,,warn,#14,N/A,N/A,,no,A,N
obsidian-execute-code-pr161,worker-09/obsidian-execute-code-pr161.json,worker-09,failed,,,,warn,#14,N/A,N/A,,no,A,N
obsidian-execute-code-pr206,worker-09/obsidian-execute-code-pr206.json,worker-09,failed,,,,warn,#14,N/A,N/A,,no,A,N
obsidian-execute-code-pr395,worker-09/obsidian-execute-code-pr395.json,worker-09,completed,SKIPPED,unclear,0,fail,#6,no,N/A,,no,D,N
preact-2949,worker-09/preact-2949.json,worker-09,completed,COMPLETED,unclear,24,fail,"#6, #14",no,N/A,,no,D,N
preact-4111,worker-09/preact-4111.json,worker-09,completed,COMPLETED,unclear,24,fail,"#6, #14",no,N/A,,no,D,N
preact-4422,worker-09/preact-4422.json,worker-09,completed,COMPLETED,unclear,23,fail,"#6, #14",no,N/A,,no,D,N
preact-4716,worker-09/preact-4716.json,worker-09,failed,,,,warn,#14,N/A,N/A,,no,A,N
preact-pr4969,worker-09/preact-pr4969.json,worker-09,failed,,,,warn,#14,N/A,N/A,,no,A,N
preact-pr4975,worker-09/preact-pr4975.json,worker-09,failed,,,,warn,#14,N/A,N/A,,no,A,N
preact-pr5026,worker-09/preact-pr5026.json,worker-09,failed,,,,warn,#14,N/A,N/A,,no,A,N
preact-pr5067,worker-09/preact-pr5067.json,worker-09,failed,,,,warn,#14,N/A,N/A,,no,A,N
qb-web-105,worker-09/qb-web-105.json,worker-09,failed,,,,fail,"#2, #7",N/A,N/A,,no,C,N
qb-web-pr143,worker-09/qb-web-pr143.json,worker-09,failed,,,,fail,"#2, #7",N/A,N/A,,no,C,N
react-datetime-picker-156,worker-09/react-datetime-picker-156.json,worker-09,completed,STOPPED,unclear,19,pass,,no_result_desc,N/A,,no,D,N
react-datetime-picker-180,worker-09/react-datetime-picker-180.json,worker-09,completed,STOPPED,normal,18,pass,,yes,mismatch,,no,A,N
react-datetime-picker-39,worker-09/react-datetime-picker-39.json,worker-09,failed,,,,pass,,N/A,N/A,,no,A,N
react-datetime-picker-40,worker-09/react-datetime-picker-40.json,worker-09,completed,STOPPED,normal,18,pass,,no_result_desc,N/A,,no,D,N
react-datetime-picker-81,worker-09/react-datetime-picker-81.json,worker-09,failed,,,,pass,,N/A,N/A,,no,A,N
react-datetime-picker-pr132,worker-09/react-datetime-picker-pr132.json,worker-09,completed,COMPLETED,abnormal,9,pass,,yes,match,,no,A,Y
react-photo-studio-112,worker-09/react-photo-studio-112.json,worker-09,completed,COMPLETED,normal,23,pass,,yes,match,,no,A,Y
react-photo-studio-113,worker-09/react-photo-studio-113.json,worker-09,completed,STOPPED,unclear,45,pass,,yes,match,,no,A,N
react-photo-studio-118,worker-09/react-photo-studio-118.json,worker-09,completed,TIMEOUT,normal,49,pass,,yes,match,,no,A,N
react-photo-studio-79,worker-09/react-photo-studio-79.json,worker-09,completed,TIMEOUT,unclear,43,pass,,yes,match,,no,A,N
robots-269,worker-09/robots-269.json,worker-09,failed,,,,fail,"#2, #7",N/A,N/A,,no,C,N
tiny-editor-108,worker-09/tiny-editor-108.json,worker-09,completed,COMPLETED,reproduced,30,fail,"#5, #6, #14",no,N/A,,no,D,N
tiny-editor-156,worker-09/tiny-editor-156.json,worker-09,completed,COMPLETED,unclear,15,fail,"#6, #14",no,N/A,,no,D,N
tiny-editor-173,worker-09/tiny-editor-173.json,worker-09,completed,COMPLETED,unclear,47,fail,"#6, #14",no,N/A,,no,D,N
tiny-editor-197,worker-09/tiny-editor-197.json,worker-09,completed,COMPLETED,unclear,38,fail,"#6, #14",no,N/A,,no,D,N
tiny-editor-201,worker-09/tiny-editor-201.json,worker-09,completed,FAILED,unclear,0,fail,"#6, #14",no,N/A,,no,D,N
tiny-editor-294,worker-09/tiny-editor-294.json,worker-09,completed,FAILED,unclear,0,fail,"#6, #14",no,N/A,,no,D,N
tiny-editor-417,worker-09/tiny-editor-417.json,worker-09,completed,FAILED,unclear,0,fail,"#6, #14",no,N/A,,no,D,N
tiny-editor-92,worker-09/tiny-editor-92.json,worker-09,completed,COMPLETED,unclear,19,pass,,yes,match,,no,A,Y
tracktor-47,worker-09/tracktor-47.json,worker-09,completed,COMPLETED,abnormal,2,pass,,yes,match,,no,A,Y
tracktor-pr139,worker-09/tracktor-pr139.json,worker-09,completed,TIMEOUT,unclear,21,pass,,no,N/A,,no,D,N
universal-11,worker-09/universal-11.json,worker-09,failed,,,,fail,"#2, #7",N/A,N/A,,no,C,N
universal-14,worker-09/universal-14.json,worker-09,failed,,,,fail,"#2, #7",N/A,N/A,,no,C,N
vscode-markdown-editor-pr144,worker-09/vscode-markdown-editor-pr144.json,worker-09,failed,,,,fail,"#2, #7",N/A,N/A,,no,C,N
vuefinder-pr154,worker-09/vuefinder-pr154.json,worker-09,completed,STOPPED,normal,18,pass,,no_result_desc,N/A,,no,D,N
vuefinder-pr158,worker-09/vuefinder-pr158.json,worker-09,completed,COMPLETED,abnormal,14,pass,,yes,match,,no,A,Y
vuefinder-pr21,worker-09/vuefinder-pr21.json,worker-09,failed,,,,pass,,N/A,N/A,,no,A,N
vuefinder-pr35,worker-09/vuefinder-pr35.json,worker-09,failed,,,,pass,,N/A,N/A,,no,A,N
vuefinder-pr49,worker-09/vuefinder-pr49.json,worker-09,completed,SKIPPED,unclear,0,fail,#6,no,N/A,,no,D,N
vuefinder-pr8,worker-09/vuefinder-pr8.json,worker-09,completed,SKIPPED,unclear,0,fail,#6,no,N/A,,no,D,N
vuetable-2-pr17,worker-09/vuetable-2-pr17.json,worker-09,completed,STOPPED,unclear,18,pass,,no_result_desc,N/A,,no,D,N
vuetable-2-pr266,worker-09/vuetable-2-pr266.json,worker-09,completed,STOPPED,unclear,16,pass,,yes,match,,no,A,N
vuetable-2-pr66,worker-09/vuetable-2-pr66.json,worker-09,failed,,,,pass,,N/A,N/A,,no,A,N
vuetable-2-pr9,worker-09/vuetable-2-pr9.json,worker-09,failed,,,,pass,,N/A,N/A,,no,A,N
ESPConnect-pr137,worker-fabrice/ESPConnect-pr137.json,worker-fabrice,PARSE_ERROR,,,,fail,#1 JSON不可解析,no,N/A,,no,C,
KaibanJS-215,worker-fabrice/KaibanJS-215.json,worker-fabrice,completed,COMPLETED,unclear,34,fail,#6,no,N/A,,no,D,N
PandoraAI-68,worker-fabrice/PandoraAI-68.json,worker-fabrice,failed,,,,fail,"#2, #7",N/A,N/A,,no,C,N
Systemizer-pr1,worker-fabrice/Systemizer-pr1.json,worker-fabrice,failed,,,,fail,"#2, #7",N/A,N/A,,no,C,N
angularx-social-login-pr680,worker-fabrice/angularx-social-login-pr680.json,worker-fabrice,completed,ERROR,abnormal,44,pass,,yes,match,,no,A,N
mafl-123,worker-fabrice/mafl-123.json,worker-fabrice,completed,COMPLETED,normal,14,pass,,yes,match,,no,A,Y
meli-184,worker-fabrice/meli-184.json,worker-fabrice,failed,,,,fail,#7,N/A,N/A,,no,C,N
ngx-sortablejs-pr168,worker-fabrice/ngx-sortablejs-pr168.json,worker-fabrice,failed,,,,fail,#7,N/A,N/A,,no,C,N
nuxt-multi-cache-pr26,worker-fabrice/nuxt-multi-cache-pr26.json,worker-fabrice,completed,COMPLETED,abnormal,13,pass,,yes,match,,no,A,Y
obsidian-plugin-pr195,worker-fabrice/obsidian-plugin-pr195.json,worker-fabrice,failed,,,,fail,#7,N/A,N/A,,no,C,N
pramuka-id-pr69,worker-fabrice/pramuka-id-pr69.json,worker-fabrice,completed,COMPLETED,abnormal,16,pass,,yes,match,,no,A,Y
puppetry-pr79,worker-fabrice/puppetry-pr79.json,worker-fabrice,failed,,,,fail,#7,N/A,N/A,,no,C,N
react-editext-pr117,worker-fabrice/react-editext-pr117.json,worker-fabrice,completed,COMPLETED,normal,12,pass,,yes,match,,no,A,Y
revue-draggable-162,worker-fabrice/revue-draggable-162.json,worker-fabrice,completed,COMPLETED,unclear,76,pass,,yes,match,,no,A,Y
svelte-jsoneditor-110,worker-fabrice/svelte-jsoneditor-110.json,worker-fabrice,completed,COMPLETED,normal,9,pass,,yes,match,,no,A,Y
svelte-jsoneditor-131,worker-fabrice/svelte-jsoneditor-131.json,worker-fabrice,completed,ERROR,unclear,52,pass,,yes,match,,no,A,N
svelte-jsoneditor-499,worker-fabrice/svelte-jsoneditor-499.json,worker-fabrice,completed,COMPLETED,normal,12,pass,,yes,match,,no,A,Y
svelte-jsoneditor-pr184,worker-fabrice/svelte-jsoneditor-pr184.json,worker-fabrice,completed,ERROR,unclear,90,warn,#10,no_result_desc,N/A,,no,D,N
svelte-jsoneditor-pr471,worker-fabrice/svelte-jsoneditor-pr471.json,worker-fabrice,completed,COMPLETED,normal,11,pass,,yes,match,,no,A,Y
svelte-jsoneditor-pr62,worker-fabrice/svelte-jsoneditor-pr62.json,worker-fabrice,completed,COMPLETED,abnormal,10,pass,,yes,match,,no,A,Y
svelte-jsoneditor-pr73,worker-fabrice/svelte-jsoneditor-pr73.json,worker-fabrice,completed,COMPLETED,normal,31,fail,#6,no,N/A,,no,D,N
svelte-jsoneditor-pr83,worker-fabrice/svelte-jsoneditor-pr83.json,worker-fabrice,completed,COMPLETED,abnormal,56,pass,,yes,match,,no,A,Y
videogular2-286,worker-fabrice/videogular2-286.json,worker-fabrice,failed,,,,pass,,N/A,N/A,,no,A,N
videogular2-431,worker-fabrice/videogular2-431.json,worker-fabrice,failed,,,,pass,,N/A,N/A,,no,A,N
videogular2-641,worker-fabrice/videogular2-641.json,worker-fabrice,failed,,,,pass,,N/A,N/A,,no,A,N
videogular2-643,worker-fabrice/videogular2-643.json,worker-fabrice,failed,,,,pass,,N/A,N/A,,no,A,N
videogular2-691,worker-fabrice/videogular2-691.json,worker-fabrice,failed,,,,pass,,N/A,N/A,,no,A,N
videogular2-692,worker-fabrice/videogular2-692.json,worker-fabrice,failed,,,,pass,,N/A,N/A,,no,A,N
videogular2-pr696,worker-fabrice/videogular2-pr696.json,worker-fabrice,failed,,,,pass,,N/A,N/A,,no,A,N
videogular2-pr731,worker-fabrice/videogular2-pr731.json,worker-fabrice,failed,,,,pass,,N/A,N/A,,no,A,N
vue-antd-admin-215,worker-fabrice/vue-antd-admin-215.json,worker-fabrice,failed,,,,fail,#7,N/A,N/A,,no,C,N
vuepress-theme-vdoing-pr432,worker-fabrice/vuepress-theme-vdoing-pr432.json,worker-fabrice,completed,MAX_STEPS,unclear,100,warn,#10,no_result_desc,N/A,,no,D,N
webcodesk-srv-pr34,worker-fabrice/webcodesk-srv-pr34.json,worker-fabrice,completed,COMPLETED,unclear,27,pass,,yes,match,,no,A,Y
