task_id,file,worker,status,mano_cua_status,mano_cua_result,total_steps,compliance,compliance_issues,has_trajectory,trajectory_match,match_confidence,is_duplicate,grade
Analog-135,worker-01/Analog-135.json,worker-01,failed,,,,pass,,N/A,N/A,,no,A
Notpad-268,worker-01/Notpad-268.json,worker-01,completed,COMPLETED,abnormal,14,pass,,yes,strong_match,1.0,no,A
Piped-3821,worker-01/Piped-3821.json,worker-01,completed,COMPLETED,abnormal,8,pass,,yes,strong_match,1.0,no,A
Piped-4059,worker-01/Piped-4059.json,worker-01,completed,COMPLETED,unclear,15,pass,,yes,strong_match,1.0,no,A
Scriptis-17,worker-01/Scriptis-17.json,worker-01,failed,,,,pass,,N/A,N/A,,no,A
Semantic-UI-React-2221,worker-01/Semantic-UI-React-2221.json,worker-01,failed,,,,pass,,N/A,N/A,,no,A
Semantic-UI-React-3502,worker-01/Semantic-UI-React-3502.json,worker-01,failed,,,,pass,,N/A,N/A,,no,A
Semantic-UI-React-3552,worker-01/Semantic-UI-React-3552.json,worker-01,failed,,,,pass,,N/A,N/A,,no,A
Semantic-UI-React-3581,worker-01/Semantic-UI-React-3581.json,worker-01,failed,,,,pass,,N/A,N/A,,no,A
Semantic-UI-React-3669,worker-01/Semantic-UI-React-3669.json,worker-01,failed,,,,pass,,N/A,N/A,,no,A
Silex-755,worker-01/Silex-755.json,worker-01,failed,,,,pass,,N/A,N/A,,no,A
SvelteLab-265,worker-01/SvelteLab-265.json,worker-01,completed,COMPLETED,abnormal,51,pass,,yes,strong_match,1.0,no,A
actual-5278,worker-01/actual-5278.json,worker-01,failed,,,,pass,,N/A,N/A,,no,A
actual-5481,worker-01/actual-5481.json,worker-01,failed,,,,pass,,N/A,N/A,,no,A
actual-7282,worker-01/actual-7282.json,worker-01,failed,,,,pass,,N/A,N/A,,no,A
actual-7332,worker-01/actual-7332.json,worker-01,failed,,,,pass,,N/A,N/A,,no,A
actual-7475,worker-01/actual-7475.json,worker-01,failed,,,,pass,,N/A,N/A,,no,A
adminjs-807,worker-01/adminjs-807.json,worker-01,failed,,,,pass,,N/A,N/A,,no,A
agency-os-101,worker-01/agency-os-101.json,worker-01,failed,,,,pass,,N/A,N/A,,no,A
angular-datepicker-245,worker-01/angular-datepicker-245.json,worker-01,completed,COMPLETED,normal,72,pass,,yes,partial,,no,A
angular-datepicker-278,worker-01/angular-datepicker-278.json,worker-01,completed,COMPLETED,normal,11,pass,,yes,partial,,no,A
ant-design-vue-7574,worker-01/ant-design-vue-7574.json,worker-01,completed,STOPPED_BY_USER,unclear,112,warn,#10,yes,strong_match,1.0,no,B
apisix-dashboard-3321,worker-01/apisix-dashboard-3321.json,worker-01,completed,STOPPED_BY_USER,abnormal,94,warn,"#6, #10",no,no_trajectory,,no,D
builder-523,worker-01/builder-523.json,worker-01,failed,,,,pass,,N/A,N/A,,no,A
devhub-17,worker-01/devhub-17.json,worker-01,failed,,,,pass,,N/A,N/A,,no,A
docz-985,worker-01/docz-985.json,worker-01,failed,,,,pass,,N/A,N/A,,no,A
factoriolab-1494,worker-01/factoriolab-1494.json,worker-01,completed,COMPLETED,abnormal,11,pass,,yes,strong_match,1.0,no,A
factoriolab-1585,worker-01/factoriolab-1585.json,worker-01,completed,COMPLETED,normal,45,pass,,yes,strong_match,1.0,no,A
factoriolab-1601,worker-01/factoriolab-1601.json,worker-01,completed,COMPLETED,abnormal,30,pass,,yes,strong_match,1.0,no,A
factoriolab-1693,worker-01/factoriolab-1693.json,worker-01,completed,COMPLETED,normal,37,pass,,yes,strong_match,1.0,no,A
graphviz-visual-editor-215,worker-01/graphviz-visual-editor-215.json,worker-01,completed,COMPLETED,abnormal,18,pass,,yes,strong_match,1.0,no,A
ha-fusion-62,worker-01/ha-fusion-62.json,worker-01,completed,COMPLETED,abnormal,29,pass,,yes,strong_match,1.0,no,A
jodit-1327,worker-01/jodit-1327.json,worker-01,completed,STOPPED_BY_USER,abnormal,63,pass,,yes,partial,,no,A
lin-cms-vue-343,worker-01/lin-cms-vue-343.json,worker-01,failed,,,,pass,,N/A,N/A,,no,A
mdx-deck-440,worker-01/mdx-deck-440.json,worker-01,failed,,,,pass,,N/A,N/A,,no,A
mini-qr-219,worker-01/mini-qr-219.json,worker-01,completed,STOPPED_BY_USER,unclear,74,warn,#6,no,no_trajectory,,no,D
mint-ui-318,worker-01/mint-ui-318.json,worker-01,failed,,,,pass,,N/A,N/A,,no,A
multiple-select-607,worker-01/multiple-select-607.json,worker-01,failed,,,,pass,,N/A,N/A,,no,A
multiple-select-65,worker-01/multiple-select-65.json,worker-01,failed,,,,pass,,N/A,N/A,,no,A
nuxt-security-494,worker-01/nuxt-security-494.json,worker-01,completed,STOPPED_BY_USER,unclear,44,pass,,yes,strong_match,1.0,no,A
open5e-721,worker-01/open5e-721.json,worker-01,completed,COMPLETED,abnormal,6,fail,#9,yes,partial,,yes,C
open5e-747,worker-01/open5e-747.json,worker-01,completed,COMPLETED,abnormal,82,fail,"#9, #10",yes,partial,,yes,C
open5e-803,worker-01/open5e-803.json,worker-01,completed,COMPLETED,abnormal,43,fail,#9,yes,partial,,yes,C
open5e-869,worker-01/open5e-869.json,worker-01,completed,COMPLETED,abnormal,30,pass,,yes,partial,,no,A
open5e-884,worker-01/open5e-884.json,worker-01,completed,COMPLETED,abnormal,1,pass,,yes,partial,,no,A
photon-330,worker-01/photon-330.json,worker-01,failed,,,,pass,,N/A,N/A,,no,A
photon-526,worker-01/photon-526.json,worker-01,failed,,,,pass,,N/A,N/A,,no,A
react-player-1957,worker-01/react-player-1957.json,worker-01,completed,COMPLETED,normal,11,pass,,yes,partial,,no,A
react-timeline-9000-104,worker-01/react-timeline-9000-104.json,worker-01,completed,COMPLETED,normal,22,pass,,yes,partial,,no,A
react-virtualized-1375,worker-01/react-virtualized-1375.json,worker-01,completed,STOPPED_BY_USER,unclear,52,pass,,yes,strong_match,1.0,no,A
rich-markdown-editor-208,worker-01/rich-markdown-editor-208.json,worker-01,completed,COMPLETED,normal,76,pass,,yes,partial,,no,A
rich-markdown-editor-447,worker-01/rich-markdown-editor-447.json,worker-01,completed,COMPLETED,normal,45,pass,,yes,mismatch,,no,A
runbox7-1279,worker-01/runbox7-1279.json,worker-01,failed,,,,pass,,N/A,N/A,,no,A
shopify-223,worker-01/shopify-223.json,worker-01,failed,,,,pass,,N/A,N/A,,no,A
shopify-259,worker-01/shopify-259.json,worker-01,failed,,,,pass,,N/A,N/A,,no,A
shopify-264,worker-01/shopify-264.json,worker-01,failed,,,,pass,,N/A,N/A,,no,A
shopify-267,worker-01/shopify-267.json,worker-01,failed,,,,pass,,N/A,N/A,,no,A
shopify-269,worker-01/shopify-269.json,worker-01,failed,,,,pass,,N/A,N/A,,no,A
shopify-274,worker-01/shopify-274.json,worker-01,failed,,,,pass,,N/A,N/A,,no,A
shopify-293,worker-01/shopify-293.json,worker-01,failed,,,,pass,,N/A,N/A,,no,A
tailwindcss-960,worker-01/tailwindcss-960.json,worker-01,completed,COMPLETED,normal,34,pass,,yes,strong_match,1.0,no,A
typehero-1504,worker-01/typehero-1504.json,worker-01,failed,,,,pass,,N/A,N/A,,no,A
typehero-1516,worker-01/typehero-1516.json,worker-01,failed,,,,pass,,N/A,N/A,,no,A
typehero-1541,worker-01/typehero-1541.json,worker-01,failed,,,,pass,,N/A,N/A,,no,A
typehero-1571,worker-01/typehero-1571.json,worker-01,failed,,,,pass,,N/A,N/A,,no,A
typehero-1616,worker-01/typehero-1616.json,worker-01,failed,,,,pass,,N/A,N/A,,no,A
typehero-1682,worker-01/typehero-1682.json,worker-01,failed,,,,pass,,N/A,N/A,,no,A
typehero-1686,worker-01/typehero-1686.json,worker-01,failed,,,,pass,,N/A,N/A,,no,A
typehero-1688,worker-01/typehero-1688.json,worker-01,failed,,,,pass,,N/A,N/A,,no,A
typehero-1695,worker-01/typehero-1695.json,worker-01,failed,,,,pass,,N/A,N/A,,no,A
typehero-1721,worker-01/typehero-1721.json,worker-01,failed,,,,pass,,N/A,N/A,,no,A
typehero-920,worker-01/typehero-920.json,worker-01,failed,,,,pass,,N/A,N/A,,no,A
useSend-307,worker-01/useSend-307.json,worker-01,failed,,,,pass,,N/A,N/A,,no,A
vue-devui-1567,worker-01/vue-devui-1567.json,worker-01,completed,COMPLETED,abnormal,62,pass,,yes,strong_match,1.0,no,A
whitebophir-48,worker-01/whitebophir-48.json,worker-01,completed,COMPLETED,abnormal,28,pass,,yes,partial,,no,A
Analog-259,worker-02/Analog-259.json,worker-02,failed,,,,fail,#9,N/A,N/A,,yes,C
BongoCat-431,worker-02/BongoCat-431.json,worker-02,failed,,,,fail,#9,N/A,N/A,,yes,C
ByteStash-171,worker-02/ByteStash-171.json,worker-02,completed,COMPLETED,abnormal,1,fail,#9,yes,strong_match,1.0,yes,C
ByteStash-46,worker-02/ByteStash-46.json,worker-02,completed,COMPLETED,abnormal,27,fail,#9,yes,partial,,yes,C
Dante-128,worker-02/Dante-128.json,worker-02,failed,,,,fail,#9,N/A,N/A,,yes,C
Piped-3715,worker-02/Piped-3715.json,worker-02,completed,COMPLETED,unclear,47,fail,#9,yes,strong_match,1.0,yes,C
RapidRAW-658,worker-02/RapidRAW-658.json,worker-02,failed,,,,warn,#16,N/A,N/A,,no,B
Semantic-UI-React-3683,worker-02/Semantic-UI-React-3683.json,worker-02,completed,COMPLETED,normal,70,pass,,yes,strong_match,1.0,no,A
Semantic-UI-React-3750,worker-02/Semantic-UI-React-3750.json,worker-02,completed,COMPLETED,normal,32,pass,,yes,strong_match,1.0,no,A
Semantic-UI-React-3864,worker-02/Semantic-UI-React-3864.json,worker-02,completed,COMPLETED,normal,87,warn,#10,yes,strong_match,1.0,no,B
Semantic-UI-React-3994,worker-02/Semantic-UI-React-3994.json,worker-02,completed,COMPLETED,normal,18,pass,,yes,strong_match,1.0,no,A
Semantic-UI-React-4005,worker-02/Semantic-UI-React-4005.json,worker-02,completed,COMPLETED,abnormal,10,pass,,yes,strong_match,1.0,no,A
Semantic-UI-React-4083,worker-02/Semantic-UI-React-4083.json,worker-02,completed,COMPLETED,unclear,51,pass,,yes,strong_match,1.0,no,A
Semantic-UI-React-4110,worker-02/Semantic-UI-React-4110.json,worker-02,completed,COMPLETED,unclear,49,pass,,yes,strong_match,1.0,no,A
Silex-743,worker-02/Silex-743.json,worker-02,failed,,,,pass,,N/A,N/A,,no,A
Silex-843,worker-02/Silex-843.json,worker-02,failed,,,,pass,,N/A,N/A,,no,A
TiddlyWiki5-9788,worker-02/TiddlyWiki5-9788.json,worker-02,completed,COMPLETED,abnormal,24,pass,,yes,partial,,no,A
angular-calendar-769,worker-02/angular-calendar-769.json,worker-02,failed,,,,pass,,N/A,N/A,,no,A
angular-datatables-1605,worker-02/angular-datatables-1605.json,worker-02,completed,COMPLETED,abnormal,9,pass,,yes,partial,,no,A
angular-datatables-1723,worker-02/angular-datatables-1723.json,worker-02,completed,COMPLETED,abnormal,110,warn,#10,yes,partial,,no,B
angular-datepicker-112,worker-02/angular-datepicker-112.json,worker-02,completed,COMPLETED,abnormal,88,warn,#10,yes,partial,,no,B
angular-gridster2-377,worker-02/angular-gridster2-377.json,worker-02,failed,,,,pass,,N/A,N/A,,no,A
angular-gridster2-529,worker-02/angular-gridster2-529.json,worker-02,failed,,,,pass,,N/A,N/A,,no,A
apisix-dashboard-2572,worker-02/apisix-dashboard-2572.json,worker-02,failed,,,,pass,,N/A,N/A,,no,A
apisix-dashboard-3276,worker-02/apisix-dashboard-3276.json,worker-02,failed,,,,pass,,N/A,N/A,,no,A
apisix-dashboard-3283,worker-02/apisix-dashboard-3283.json,worker-02,failed,,,,pass,,N/A,N/A,,no,A
apisix-dashboard-3362,worker-02/apisix-dashboard-3362.json,worker-02,failed,,,,pass,,N/A,N/A,,no,A
betaflight-configurator-4700,worker-02/betaflight-configurator-4700.json,worker-02,failed,,,,pass,,N/A,N/A,,no,A
blinko-323,worker-02/blinko-323.json,worker-02,failed,,,,pass,,N/A,N/A,,no,A
blinko-363,worker-02/blinko-363.json,worker-02,failed,,,,pass,,N/A,N/A,,no,A
blinko-435,worker-02/blinko-435.json,worker-02,failed,,,,pass,,N/A,N/A,,no,A
blinko-495,worker-02/blinko-495.json,worker-02,failed,,,,pass,,N/A,N/A,,no,A
condenser-3685,worker-02/condenser-3685.json,worker-02,failed,,,,pass,,N/A,N/A,,no,A
condenser-3697,worker-02/condenser-3697.json,worker-02,failed,,,,pass,,N/A,N/A,,no,A
condenser-3717,worker-02/condenser-3717.json,worker-02,failed,,,,pass,,N/A,N/A,,no,A
core-240,worker-02/core-240.json,worker-02,failed,,,,pass,,N/A,N/A,,no,A
cryptgeon-150,worker-02/cryptgeon-150.json,worker-02,failed,,,,fail,#9,N/A,N/A,,yes,C
editor.js-2084,worker-02/editor.js-2084.json,worker-02,completed,ERROR,abnormal,13,pass,,yes,mismatch,,no,A
editor.js-2089,worker-02/editor.js-2089.json,worker-02,failed,,,,pass,,N/A,N/A,,no,A
flitter-68,worker-02/flitter-68.json,worker-02,completed,COMPLETED,unclear,99,warn,#10,yes,mismatch,,no,B
jodit-1335,worker-02/jodit-1335.json,worker-02,done,,,28,fail,#3,yes,N/A,,no,C
kan-206,worker-02/kan-206.json,worker-02,failed,,,,fail,#9,N/A,N/A,,yes,C
kan-23,worker-02/kan-23.json,worker-02,failed,,,,fail,#9,N/A,N/A,,yes,C
kan-242,worker-02/kan-242.json,worker-02,failed,,,,fail,#9,N/A,N/A,,yes,C
kan-27,worker-02/kan-27.json,worker-02,failed,,,,fail,#9,N/A,N/A,,yes,C
kan-30,worker-02/kan-30.json,worker-02,failed,,,,fail,#9,N/A,N/A,,yes,C
kan-334,worker-02/kan-334.json,worker-02,failed,,,,pass,,N/A,N/A,,no,A
kan-35,worker-02/kan-35.json,worker-02,failed,,,,pass,,N/A,N/A,,no,A
kan-376,worker-02/kan-376.json,worker-02,failed,,,,pass,,N/A,N/A,,no,A
kan-70,worker-02/kan-70.json,worker-02,failed,,,,pass,,N/A,N/A,,no,A
kan-71,worker-02/kan-71.json,worker-02,failed,,,,pass,,N/A,N/A,,no,A
kaneo-1168,worker-02/kaneo-1168.json,worker-02,failed,,,,pass,,N/A,N/A,,no,A
kaneo-1175,worker-02/kaneo-1175.json,worker-02,failed,,,,pass,,N/A,N/A,,no,A
kaneo-849,worker-02/kaneo-849.json,worker-02,failed,,,,pass,,N/A,N/A,,no,A
karakeep-2299,worker-02/karakeep-2299.json,worker-02,failed,,,,pass,,N/A,N/A,,no,A
karakeep-2395,worker-02/karakeep-2395.json,worker-02,completed,COMPLETED,unclear,74,pass,,yes,strong_match,1.0,no,A
karakeep-2396,worker-02/karakeep-2396.json,worker-02,failed,,,,pass,,N/A,N/A,,no,A
karakeep-2493,worker-02/karakeep-2493.json,worker-02,failed,,,,pass,,N/A,N/A,,no,A
learn.svelte.dev-164,worker-02/learn.svelte.dev-164.json,worker-02,completed,COMPLETED,abnormal,78,pass,,yes,strong_match,1.0,no,A
learn.svelte.dev-360,worker-02/learn.svelte.dev-360.json,worker-02,completed,COMPLETED,abnormal,86,warn,#10,yes,strong_match,1.0,no,B
medium-editor-1047,worker-02/medium-editor-1047.json,worker-02,completed,COMPLETED,normal,16,fail,#9,yes,strong_match,1.0,yes,C
medium-editor-1057,worker-02/medium-editor-1057.json,worker-02,completed,COMPLETED,abnormal,26,pass,,yes,strong_match,1.0,no,A
medium-editor-1156,worker-02/medium-editor-1156.json,worker-02,completed,COMPLETED,abnormal,52,pass,,yes,strong_match,1.0,no,A
medium-editor-1216,worker-02/medium-editor-1216.json,worker-02,completed,COMPLETED,unclear,89,warn,#10,yes,strong_match,1.0,no,B
medium-editor-234,worker-02/medium-editor-234.json,worker-02,completed,COMPLETED,unclear,37,pass,,yes,strong_match,1.0,no,A
mint-ui-366,worker-02/mint-ui-366.json,worker-02,,,,,fail,"#2, #3",no,N/A,,no,C
multiple-select-355,worker-02/multiple-select-355.json,worker-02,failed,,,,warn,#16,N/A,N/A,,no,B
next-redux-wrapper-325,worker-02/next-redux-wrapper-325.json,worker-02,failed,,,,fail,#9,N/A,N/A,,yes,C
ng-select-2475,worker-02/ng-select-2475.json,worker-02,completed,COMPLETED,normal,18,pass,,yes,strong_match,1.0,no,A
ng-select-2498,worker-02/ng-select-2498.json,worker-02,completed,COMPLETED,abnormal,59,pass,,yes,strong_match,1.0,no,A
ng-select-2515,worker-02/ng-select-2515.json,worker-02,completed,COMPLETED,abnormal,8,pass,,yes,strong_match,1.0,no,A
ng-select-2594,worker-02/ng-select-2594.json,worker-02,completed,COMPLETED,abnormal,43,pass,,yes,strong_match,1.0,no,A
ng-select-2738,worker-02/ng-select-2738.json,worker-02,completed,COMPLETED,unclear,21,pass,,yes,strong_match,1.0,no,A
ng-select-2759,worker-02/ng-select-2759.json,worker-02,completed,COMPLETED,abnormal,55,pass,,yes,strong_match,1.0,no,A
onlook-2587,worker-02/onlook-2587.json,worker-02,failed,,,,pass,,N/A,N/A,,no,A
onlook-2908,worker-02/onlook-2908.json,worker-02,failed,,,,pass,,N/A,N/A,,no,A
open5e-622,worker-02/open5e-622.json,worker-02,completed,COMPLETED,abnormal,97,fail,"#9, #10",yes,mismatch,,yes,C
open5e-694,worker-02/open5e-694.json,worker-02,failed,,,,pass,,N/A,N/A,,no,A
open5e-695,worker-02/open5e-695.json,worker-02,completed,COMPLETED,abnormal,14,pass,,yes,partial,,no,A
open5e-716,worker-02/open5e-716.json,worker-02,completed,COMPLETED,abnormal,90,warn,#10,yes,partial,,no,B
open5e-721,worker-02/open5e-721.json,worker-02,completed,COMPLETED,abnormal,42,fail,#9,yes,partial,,yes,C
open5e-747,worker-02/open5e-747.json,worker-02,completed,COMPLETED,abnormal,27,fail,#9,yes,partial,,yes,C
open5e-803,worker-02/open5e-803.json,worker-02,completed,COMPLETED,abnormal,40,fail,#9,yes,partial,,yes,C
org-chart-69,worker-02/org-chart-69.json,worker-02,completed,COMPLETED,abnormal,44,fail,#9,yes,strong_match,1.0,yes,C
padloc-427,worker-02/padloc-427.json,worker-02,failed,,,,pass,,N/A,N/A,,no,A
padloc-638,worker-02/padloc-638.json,worker-02,failed,,,,pass,,N/A,N/A,,no,A
photon-345,worker-02/photon-345.json,worker-02,failed,,,,pass,,N/A,N/A,,no,A
photon-543,worker-02/photon-543.json,worker-02,failed,,,,pass,,N/A,N/A,,no,A
react-bootstrap-6528,worker-02/react-bootstrap-6528.json,worker-02,completed,COMPLETED,abnormal,12,pass,,yes,partial,,no,A
react-bootstrap-6637,worker-02/react-bootstrap-6637.json,worker-02,completed,COMPLETED,abnormal,15,pass,,yes,strong_match,1.0,no,A
react-bootstrap-6671,worker-02/react-bootstrap-6671.json,worker-02,completed,COMPLETED,abnormal,22,pass,,yes,strong_match,1.0,no,A
react-bootstrap-6712,worker-02/react-bootstrap-6712.json,worker-02,completed,COMPLETED,normal,21,pass,,yes,strong_match,1.0,no,A
react-bootstrap-6764,worker-02/react-bootstrap-6764.json,worker-02,completed,COMPLETED,normal,28,pass,,yes,strong_match,1.0,no,A
react-native-web-2357,worker-02/react-native-web-2357.json,worker-02,failed,,,,pass,,N/A,N/A,,no,A
rich-markdown-editor-165,worker-02/rich-markdown-editor-165.json,worker-02,completed,COMPLETED,abnormal,28,pass,,yes,partial,,no,A
rich-markdown-editor-302,worker-02/rich-markdown-editor-302.json,worker-02,completed,ERROR,unclear,47,pass,,yes,partial,,no,A
rich-markdown-editor-323,worker-02/rich-markdown-editor-323.json,worker-02,completed,COMPLETED,normal,31,pass,,yes,partial,,no,A
rich-markdown-editor-350,worker-02/rich-markdown-editor-350.json,worker-02,completed,ERROR,unclear,42,pass,,yes,partial,,no,A
rich-markdown-editor-4,worker-02/rich-markdown-editor-4.json,worker-02,completed,COMPLETED,normal,34,pass,,yes,partial,,no,A
rich-markdown-editor-408,worker-02/rich-markdown-editor-408.json,worker-02,completed,COMPLETED,abnormal,20,pass,,yes,partial,,no,A
rich-markdown-editor-489,worker-02/rich-markdown-editor-489.json,worker-02,completed,ERROR,unclear,31,pass,,no,no_trajectory,,no,D
script-lab-667,worker-02/script-lab-667.json,worker-02,completed,COMPLETED,normal,13,pass,,yes,partial,,no,A
script-lab-672,worker-02/script-lab-672.json,worker-02,completed,COMPLETED,abnormal,63,pass,,yes,partial,,no,A
script-lab-732,worker-02/script-lab-732.json,worker-02,completed,COMPLETED,abnormal,66,pass,,yes,partial,,no,A
shopware-pwa-1537,worker-02/shopware-pwa-1537.json,worker-02,failed,,,,pass,,N/A,N/A,,no,A
shopware-pwa-1665,worker-02/shopware-pwa-1665.json,worker-02,failed,,,,pass,,N/A,N/A,,no,A
slickgpt-38,worker-02/slickgpt-38.json,worker-02,completed,COMPLETED,unclear,15,fail,#9,yes,partial,,yes,C
svelteui-117,worker-02/svelteui-117.json,worker-02,failed,,,,pass,,N/A,N/A,,no,A
svelteui-175,worker-02/svelteui-175.json,worker-02,failed,,,,pass,,N/A,N/A,,no,A
svelteui-179,worker-02/svelteui-179.json,worker-02,completed,COMPLETED,unclear,59,pass,,yes,strong_match,1.0,no,A
svelteui-189,worker-02/svelteui-189.json,worker-02,completed,COMPLETED,abnormal,42,pass,,yes,strong_match,1.0,no,A
svelteui-202,worker-02/svelteui-202.json,worker-02,completed,COMPLETED,abnormal,26,pass,,yes,strong_match,1.0,no,A
tabler-react-125,worker-02/tabler-react-125.json,worker-02,completed,COMPLETED,abnormal,80,pass,,yes,strong_match,1.0,no,A
tabler-react-134,worker-02/tabler-react-134.json,worker-02,completed,COMPLETED,abnormal,90,warn,#10,yes,strong_match,1.0,no,B
tabler-react-136,worker-02/tabler-react-136.json,worker-02,completed,COMPLETED,abnormal,72,pass,,yes,strong_match,1.0,no,A
tabler-react-165,worker-02/tabler-react-165.json,worker-02,completed,COMPLETED,abnormal,18,pass,,yes,strong_match,1.0,no,A
vcal-342,worker-02/vcal-342.json,worker-02,completed,COMPLETED,unclear,57,pass,,yes,strong_match,1.0,no,A
vcal-352,worker-02/vcal-352.json,worker-02,completed,COMPLETED,abnormal,65,pass,,yes,strong_match,1.0,no,A
vue-hotel-datepicker-117,worker-02/vue-hotel-datepicker-117.json,worker-02,completed,COMPLETED,normal,39,pass,,yes,partial,,no,A
vue-pdf-172,worker-02/vue-pdf-172.json,worker-02,completed,COMPLETED,unclear,46,pass,,yes,partial,,no,A
vue-pdf-179,worker-02/vue-pdf-179.json,worker-02,failed,,,,pass,,N/A,N/A,,no,A
vue-pdf-189,worker-02/vue-pdf-189.json,worker-02,failed,,,,pass,,N/A,N/A,,no,A
vue-pdf-215,worker-02/vue-pdf-215.json,worker-02,completed,COMPLETED,abnormal,61,pass,,yes,mismatch,,no,A
vue-pdf-224,worker-02/vue-pdf-224.json,worker-02,completed,COMPLETED,abnormal,53,pass,,yes,partial,,no,A
website-4566,worker-02/website-4566.json,worker-02,failed,,,,pass,,N/A,N/A,,no,A
website-4776,worker-02/website-4776.json,worker-02,failed,,,,pass,,N/A,N/A,,no,A
website-4780,worker-02/website-4780.json,worker-02,failed,,,,pass,,N/A,N/A,,no,A
Analog-259,worker-03/Analog-259.json,worker-03,failed,,,,fail,#9,N/A,N/A,,yes,C
ByteStash-157,worker-03/ByteStash-157.json,worker-03,completed,COMPLETED,abnormal,5,fail,#9,yes,strong_match,1.0,yes,C
ByteStash-171,worker-03/ByteStash-171.json,worker-03,completed,COMPLETED,abnormal,17,fail,#9,yes,strong_match,1.0,yes,C
ByteStash-46,worker-03/ByteStash-46.json,worker-03,completed,COMPLETED,abnormal,19,fail,#9,yes,strong_match,1.0,yes,C
ByteStash-58,worker-03/ByteStash-58.json,worker-03,completed,COMPLETED,normal,63,fail,#9,yes,strong_match,1.0,yes,C
CopilotKit-3263,worker-03/CopilotKit-3263.json,worker-03,failed,,,,pass,,N/A,N/A,,no,A
Nucleus-26,worker-03/Nucleus-26.json,worker-03,completed,COMPLETED,unclear,26,fail,#9,yes,partial,,yes,C
Semantic-UI-React-3833,worker-03/Semantic-UI-React-3833.json,worker-03,failed,,,,pass,,N/A,N/A,,no,A
Taskosaur-62,worker-03/Taskosaur-62.json,worker-03,failed,,,,pass,,N/A,N/A,,no,A
VueTorrent-2097,worker-03/VueTorrent-2097.json,worker-03,completed,COMPLETED,unclear,17,pass,,yes,partial,,no,A
VueTorrent-2391,worker-03/VueTorrent-2391.json,worker-03,failed,,,,pass,,N/A,N/A,,no,A
VueTorrent-2413,worker-03/VueTorrent-2413.json,worker-03,failed,,,,pass,,N/A,N/A,,no,A
VueTorrent-2433,worker-03/VueTorrent-2433.json,worker-03,failed,,,,pass,,N/A,N/A,,no,A
VueTorrent-2440,worker-03/VueTorrent-2440.json,worker-03,failed,,,,pass,,N/A,N/A,,no,A
VueTorrent-2489,worker-03/VueTorrent-2489.json,worker-03,failed,,,,pass,,N/A,N/A,,no,A
VueTorrent-2492,worker-03/VueTorrent-2492.json,worker-03,failed,,,,pass,,N/A,N/A,,no,A
VueTorrent-2570,worker-03/VueTorrent-2570.json,worker-03,failed,,,,pass,,N/A,N/A,,no,A
VueTorrent-2573,worker-03/VueTorrent-2573.json,worker-03,failed,,,,pass,,N/A,N/A,,no,A
VueTorrent-2587,worker-03/VueTorrent-2587.json,worker-03,failed,,,,pass,,N/A,N/A,,no,A
VueTorrent-2657,worker-03/VueTorrent-2657.json,worker-03,failed,,,,pass,,N/A,N/A,,no,A
VueTorrent-2676,worker-03/VueTorrent-2676.json,worker-03,failed,,,,pass,,N/A,N/A,,no,A
angular-datepicker-167,worker-03/angular-datepicker-167.json,worker-03,completed,COMPLETED,normal,22,pass,,yes,strong_match,1.0,no,A
angular-grid-layout-6,worker-03/angular-grid-layout-6.json,worker-03,completed,COMPLETED,abnormal,24,pass,,yes,mismatch,,no,A
cboard-1109,worker-03/cboard-1109.json,worker-03,completed,COMPLETED,abnormal,76,pass,,yes,strong_match,1.0,no,A
cboard-1454,worker-03/cboard-1454.json,worker-03,completed,COMPLETED,abnormal,45,pass,,yes,strong_match,1.0,no,A
cboard-1482,worker-03/cboard-1482.json,worker-03,completed,COMPLETED,normal,23,pass,,yes,strong_match,1.0,no,A
cboard-1589,worker-03/cboard-1589.json,worker-03,completed,COMPLETED,abnormal,28,pass,,yes,strong_match,1.0,no,A
cboard-1745,worker-03/cboard-1745.json,worker-03,completed,COMPLETED,abnormal,40,pass,,yes,strong_match,1.0,no,A
cboard-1752,worker-03/cboard-1752.json,worker-03,completed,COMPLETED,abnormal,24,pass,,yes,strong_match,1.0,no,A
cboard-1892,worker-03/cboard-1892.json,worker-03,completed,COMPLETED,normal,18,pass,,yes,strong_match,1.0,no,A
cboard-2026,worker-03/cboard-2026.json,worker-03,completed,COMPLETED,normal,29,pass,,yes,strong_match,1.0,no,A
cboard-2039,worker-03/cboard-2039.json,worker-03,failed,,,,pass,,N/A,N/A,,no,A
cboard-2040,worker-03/cboard-2040.json,worker-03,completed,COMPLETED,unclear,18,pass,,yes,strong_match,1.0,no,A
cloudinary-179,worker-03/cloudinary-179.json,worker-03,failed,,,,pass,,N/A,N/A,,no,A
codejar-95,worker-03/codejar-95.json,worker-03,completed,COMPLETED,abnormal,7,pass,,yes,strong_match,1.0,no,A
console-2604,worker-03/console-2604.json,worker-03,failed,,,,pass,,N/A,N/A,,no,A
crowi-666,worker-03/crowi-666.json,worker-03,failed,,,,pass,,N/A,N/A,,no,A
devhub-107,worker-03/devhub-107.json,worker-03,failed,,,,pass,,N/A,N/A,,no,A
editor-542,worker-03/editor-542.json,worker-03,completed,COMPLETED,normal,37,fail,#9,yes,mismatch,,yes,C
editor-619,worker-03/editor-619.json,worker-03,completed,COMPLETED,abnormal,16,pass,,yes,mismatch,,no,A
editor-706,worker-03/editor-706.json,worker-03,completed,COMPLETED,abnormal,44,pass,,yes,mismatch,,no,A
editor-721,worker-03/editor-721.json,worker-03,completed,COMPLETED,abnormal,31,pass,,yes,mismatch,,no,A
editor-893,worker-03/editor-893.json,worker-03,completed,COMPLETED,abnormal,24,fail,#9,yes,mismatch,,yes,C
editor.js-2208,worker-03/editor.js-2208.json,worker-03,completed,COMPLETED,abnormal,27,pass,,yes,partial,,no,A
editor.js-2261,worker-03/editor.js-2261.json,worker-03,completed,COMPLETED,normal,35,pass,,yes,partial,,no,A
editor.js-2297,worker-03/editor.js-2297.json,worker-03,completed,COMPLETED,abnormal,15,pass,,yes,partial,,no,A
emoji-mart-218,worker-03/emoji-mart-218.json,worker-03,completed,TERMINATED,abnormal,114,warn,#10,yes,mismatch,,no,B
emoji-mart-219,worker-03/emoji-mart-219.json,worker-03,completed,COMPLETED,abnormal,65,fail,#9,yes,mismatch,,yes,C
emoji-mart-254,worker-03/emoji-mart-254.json,worker-03,completed,COMPLETED,normal,26,fail,#9,yes,mismatch,,yes,C
emoji-mart-327,worker-03/emoji-mart-327.json,worker-03,completed,COMPLETED,abnormal,32,fail,#9,yes,mismatch,,yes,C
emoji-mart-762,worker-03/emoji-mart-762.json,worker-03,completed,COMPLETED,normal,78,fail,#9,yes,partial,,yes,C
etherpad-lite-6811,worker-03/etherpad-lite-6811.json,worker-03,completed,COMPLETED,abnormal,51,pass,,yes,partial,,no,A
factoriolab-1581,worker-03/factoriolab-1581.json,worker-03,failed,,,,pass,,N/A,N/A,,no,A
forms-2943,worker-03/forms-2943.json,worker-03,failed,,,,pass,,N/A,N/A,,no,A
ha-fusion-220,worker-03/ha-fusion-220.json,worker-03,completed,COMPLETED,unclear,48,pass,,yes,strong_match,1.0,no,A
insights-755,worker-03/insights-755.json,worker-03,failed,,,,pass,,N/A,N/A,,no,A
it-tools-1110,worker-03/it-tools-1110.json,worker-03,completed,COMPLETED,unclear,24,pass,,yes,strong_match,1.0,no,A
it-tools-555,worker-03/it-tools-555.json,worker-03,completed,COMPLETED,abnormal,9,pass,,yes,strong_match,1.0,no,A
it-tools-652,worker-03/it-tools-652.json,worker-03,completed,COMPLETED,abnormal,35,pass,,yes,strong_match,1.0,no,A
jodit-514,worker-03/jodit-514.json,worker-03,completed,COMPLETED,abnormal,14,pass,,yes,partial,,no,A
kalendar-75,worker-03/kalendar-75.json,worker-03,completed,COMPLETED,abnormal,68,fail,#9,yes,partial,,yes,C
lms-1821,worker-03/lms-1821.json,worker-03,failed,,,,pass,,N/A,N/A,,no,A
lms-1909,worker-03/lms-1909.json,worker-03,failed,,,,pass,,N/A,N/A,,no,A
lms-1914,worker-03/lms-1914.json,worker-03,failed,,,,pass,,N/A,N/A,,no,A
lms-1917,worker-03/lms-1917.json,worker-03,failed,,,,pass,,N/A,N/A,,no,A
lms-2006,worker-03/lms-2006.json,worker-03,failed,,,,pass,,N/A,N/A,,no,A
lms-2069,worker-03/lms-2069.json,worker-03,failed,,,,pass,,N/A,N/A,,no,A
lms-2079,worker-03/lms-2079.json,worker-03,failed,,,,pass,,N/A,N/A,,no,A
mint-ui-490,worker-03/mint-ui-490.json,worker-03,completed,COMPLETED,abnormal,65,pass,,yes,partial,,no,A
next-redux-wrapper-325,worker-03/next-redux-wrapper-325.json,worker-03,completed,COMPLETED,normal,15,fail,#9,yes,partial,,yes,C
ngx-clipboard-147,worker-03/ngx-clipboard-147.json,worker-03,completed,COMPLETED,abnormal,46,pass,,yes,partial,,no,A
nuxt-module-220,worker-03/nuxt-module-220.json,worker-03,completed,TIMEOUT,normal,84,warn,#10,yes,partial,,no,B
open5e-737,worker-03/open5e-737.json,worker-03,completed,COMPLETED,normal,57,pass,,yes,partial,,no,A
open5e-762,worker-03/open5e-762.json,worker-03,completed,COMPLETED,abnormal,22,pass,,yes,partial,,no,A
open5e-783,worker-03/open5e-783.json,worker-03,failed,,,,pass,,N/A,N/A,,no,A
pluely-153,worker-03/pluely-153.json,worker-03,failed,,,,pass,,N/A,N/A,,no,A
react-bootstrap-6314,worker-03/react-bootstrap-6314.json,worker-03,completed,COMPLETED,normal,25,pass,,yes,strong_match,1.0,no,A
react-bootstrap-6393,worker-03/react-bootstrap-6393.json,worker-03,completed,COMPLETED,normal,66,pass,,yes,strong_match,1.0,no,A
react-bootstrap-6421,worker-03/react-bootstrap-6421.json,worker-03,completed,COMPLETED,abnormal,64,pass,,yes,strong_match,1.0,no,A
react-bootstrap-6491,worker-03/react-bootstrap-6491.json,worker-03,completed,COMPLETED,abnormal,6,pass,,yes,strong_match,1.0,no,A
react-bootstrap-6507,worker-03/react-bootstrap-6507.json,worker-03,completed,COMPLETED,abnormal,44,pass,,yes,strong_match,1.0,no,A
saleor-dashboard-5985,worker-03/saleor-dashboard-5985.json,worker-03,failed,,,,pass,,N/A,N/A,,no,A
saltcorn-3596,worker-03/saltcorn-3596.json,worker-03,failed,,,,pass,,N/A,N/A,,no,A
saltcorn-3859,worker-03/saltcorn-3859.json,worker-03,failed,,,,pass,,N/A,N/A,,no,A
shopify-268,worker-03/shopify-268.json,worker-03,failed,,,,pass,,N/A,N/A,,no,A
sim-3922,worker-03/sim-3922.json,worker-03,failed,,,,pass,,N/A,N/A,,no,A
sim-3974,worker-03/sim-3974.json,worker-03,failed,,,,pass,,N/A,N/A,,no,A
spotlight-190,worker-03/spotlight-190.json,worker-03,failed,,,,pass,,N/A,N/A,,no,A
spotlight-248,worker-03/spotlight-248.json,worker-03,failed,,,,pass,,N/A,N/A,,no,A
svelte-highlight-258,worker-03/svelte-highlight-258.json,worker-03,completed,COMPLETED,unclear,41,pass,,yes,strong_match,1.0,no,A
svelte-splitpanes-3,worker-03/svelte-splitpanes-3.json,worker-03,completed,KILLED_MAX_STEPS,abnormal,80,fail,#9,no,no_trajectory,,yes,D
svelte-typeahead-34,worker-03/svelte-typeahead-34.json,worker-03,completed,COMPLETED,abnormal,39,pass,,yes,strong_match,1.0,no,A
svelte-typeahead-47,worker-03/svelte-typeahead-47.json,worker-03,completed,COMPLETED,unclear,59,pass,,yes,strong_match,1.0,no,A
svelte-typeahead-56,worker-03/svelte-typeahead-56.json,worker-03,completed,COMPLETED,normal,15,pass,,yes,strong_match,1.0,no,A
svelte-typeahead-66,worker-03/svelte-typeahead-66.json,worker-03,completed,COMPLETED,abnormal,62,pass,,yes,strong_match,1.0,no,A
trello-kanban-analysis-tool-32,worker-03/trello-kanban-analysis-tool-32.json,worker-03,completed,COMPLETED,unclear,27,pass,,yes,partial,,no,A
ui-3225,worker-03/ui-3225.json,worker-03,failed,,,,pass,,N/A,N/A,,no,A
wanderlust-392,worker-03/wanderlust-392.json,worker-03,failed,,,,pass,,N/A,N/A,,no,A
Semantic-UI-React-3615,worker-04/Semantic-UI-React-3615.json,worker-04,failed,,,,pass,,N/A,N/A,,no,A
VyManager-169,worker-04/VyManager-169.json,worker-04,failed,,,,pass,,N/A,N/A,,no,A
alpine-theme-57,worker-04/alpine-theme-57.json,worker-04,completed,COMPLETED,unclear,66,pass,,yes,partial,,no,A
angular-datepicker-163,worker-04/angular-datepicker-163.json,worker-04,completed,COMPLETED,abnormal,27,pass,,yes,partial,,no,A
angular-datepicker-189,worker-04/angular-datepicker-189.json,worker-04,completed,COMPLETED,abnormal,68,pass,,yes,partial,,no,A
angular-datepicker-225,worker-04/angular-datepicker-225.json,worker-04,completed,COMPLETED,abnormal,9,pass,,yes,partial,,no,A
angular-datepicker-235,worker-04/angular-datepicker-235.json,worker-04,completed,COMPLETED,abnormal,51,pass,,yes,partial,,no,A
charts-201,worker-04/charts-201.json,worker-04,failed,,,,pass,,N/A,N/A,,no,A
ebook-reader-258,worker-04/ebook-reader-258.json,worker-04,completed,COMPLETED,abnormal,33,pass,,yes,strong_match,1.0,no,A
elements-874,worker-04/elements-874.json,worker-04,failed,,,,warn,#14,N/A,N/A,,no,B
gateway-2079,worker-04/gateway-2079.json,worker-04,failed,,,,warn,#14,N/A,N/A,,no,B
gateway-2366,worker-04/gateway-2366.json,worker-04,failed,,,,warn,#14,N/A,N/A,,no,B
gateway-2940,worker-04/gateway-2940.json,worker-04,failed,,,,warn,#14,N/A,N/A,,no,B
gateway-3037,worker-04/gateway-3037.json,worker-04,failed,,,,warn,#14,N/A,N/A,,no,B
gateway-3122,worker-04/gateway-3122.json,worker-04,failed,,,,warn,#14,N/A,N/A,,no,B
helpdesk-2669,worker-04/helpdesk-2669.json,worker-04,failed,,,,warn,#14,N/A,N/A,,no,B
insights-647,worker-04/insights-647.json,worker-04,failed,,,,warn,#14,N/A,N/A,,no,B
insights-744,worker-04/insights-744.json,worker-04,failed,,,,warn,#14,N/A,N/A,,no,B
juice-shop-3126,worker-04/juice-shop-3126.json,worker-04,failed,,,,pass,,N/A,N/A,,no,A
juice-shop-3148,worker-04/juice-shop-3148.json,worker-04,failed,,,,pass,,N/A,N/A,,no,A
karakeep-1669,worker-04/karakeep-1669.json,worker-04,completed,COMPLETED,unclear,42,pass,,yes,strong_match,1.0,no,A
karakeep-2242,worker-04/karakeep-2242.json,worker-04,completed,COMPLETED,abnormal,42,pass,,yes,strong_match,1.0,no,A
maplibre-gl-js-3110,worker-04/maplibre-gl-js-3110.json,worker-04,failed,,,,pass,,N/A,N/A,,no,A
maplibre-gl-js-4125,worker-04/maplibre-gl-js-4125.json,worker-04,failed,,,,pass,,N/A,N/A,,no,A
maplibre-gl-js-4853,worker-04/maplibre-gl-js-4853.json,worker-04,completed,TIMEOUT,abnormal,67,pass,,yes,partial,,no,A
maplibre-gl-js-7185,worker-04/maplibre-gl-js-7185.json,worker-04,completed,COMPLETED,unclear,67,pass,,yes,partial,,no,A
maplibre-gl-js-7277,worker-04/maplibre-gl-js-7277.json,worker-04,completed,COMPLETED,abnormal,21,pass,,yes,partial,,no,A
maplibre-gl-js-7314,worker-04/maplibre-gl-js-7314.json,worker-04,completed,COMPLETED,abnormal,31,pass,,yes,partial,,no,A
multiple-select-308,worker-04/multiple-select-308.json,worker-04,completed,COMPLETED,normal,10,pass,,yes,strong_match,1.0,no,A
nuxt-studio-378,worker-04/nuxt-studio-378.json,worker-04,failed,,,,pass,,N/A,N/A,,no,A
onlook-2574,worker-04/onlook-2574.json,worker-04,failed,,,,warn,#14,N/A,N/A,,no,B
org-chart-215,worker-04/org-chart-215.json,worker-04,completed,STOPPED_BY_USER,unclear,70,fail,#9,no,no_trajectory,,yes,D
padloc-554,worker-04/padloc-554.json,worker-04,failed,,,,pass,,N/A,N/A,,no,A
react-content-loader-93,worker-04/react-content-loader-93.json,worker-04,completed,COMPLETED,abnormal,35,warn,#14,yes,strong_match,1.0,no,B
react-native-reanimated-carousel-864,worker-04/react-native-reanimated-carousel-864.json,worker-04,failed,,,,pass,,N/A,N/A,,no,A
script-lab-623,worker-04/script-lab-623.json,worker-04,completed,COMPLETED,abnormal,12,warn,#14,yes,partial,,no,B
script-lab-648,worker-04/script-lab-648.json,worker-04,completed,COMPLETED,abnormal,6,warn,#14,yes,partial,,no,B
trix-265,worker-04/trix-265.json,worker-04,completed,COMPLETED,normal,5,pass,,yes,strong_match,1.0,no,A
trix-554,worker-04/trix-554.json,worker-04,completed,COMPLETED,abnormal,13,pass,,yes,strong_match,1.0,no,A
wanderlust-193,worker-04/wanderlust-193.json,worker-04,completed,COMPLETED,abnormal,5,pass,,yes,strong_match,1.0,no,A
website-4788,worker-04/website-4788.json,worker-04,completed,COMPLETED,abnormal,16,pass,,yes,strong_match,1.0,no,A
website-4794,worker-04/website-4794.json,worker-04,completed,COMPLETED,normal,3,pass,,yes,strong_match,1.0,no,A
website-4805,worker-04/website-4805.json,worker-04,completed,COMPLETED,abnormal,8,pass,,yes,strong_match,1.0,no,A
website-4885,worker-04/website-4885.json,worker-04,failed,,,,pass,,N/A,N/A,,no,A
website-4893,worker-04/website-4893.json,worker-04,completed,COMPLETED,abnormal,30,pass,,yes,strong_match,1.0,no,A
website-5102,worker-04/website-5102.json,worker-04,completed,COMPLETED,abnormal,91,warn,#10,yes,strong_match,1.0,no,B
website-5139,worker-04/website-5139.json,worker-04,completed,COMPLETED,abnormal,14,pass,,yes,strong_match,1.0,no,A
website-5158,worker-04/website-5158.json,worker-04,completed,COMPLETED,abnormal,5,pass,,yes,strong_match,1.0,no,A
website-5189,worker-04/website-5189.json,worker-04,completed,COMPLETED,abnormal,16,pass,,yes,strong_match,1.0,no,A
BongoCat-438,worker-05/BongoCat-438.json,worker-05,failed,,,,warn,#16,N/A,N/A,,no,B
ByteStash-156,worker-05/ByteStash-156.json,worker-05,completed,COMPLETED,normal,48,fail,#9,yes,strong_match,1.0,yes,C
ByteStash-157,worker-05/ByteStash-157.json,worker-05,completed,COMPLETED,unclear,34,fail,#9,yes,strong_match,1.0,yes,C
ByteStash-173,worker-05/ByteStash-173.json,worker-05,completed,STOPPED_BY_USER,unclear,87,fail,"#9, #10",yes,strong_match,1.0,yes,C
ByteStash-46,worker-05/ByteStash-46.json,worker-05,completed,COMPLETED,abnormal,10,fail,#9,yes,strong_match,1.0,yes,C
ByteStash-58,worker-05/ByteStash-58.json,worker-05,completed,STOPPED_BY_USER,abnormal,86,fail,"#9, #10",yes,strong_match,1.0,yes,C
a11y.css-227,worker-05/a11y.css-227.json,worker-05,completed,STOPPED_BY_USER,unclear,89,warn,#10,no,no_trajectory,,no,D
ant-design-vue-7540,worker-05/ant-design-vue-7540.json,worker-05,completed,COMPLETED,normal,6,pass,,yes,partial,,no,A
beercss-532,worker-05/beercss-532.json,worker-05,completed,COMPLETED,abnormal,72,pass,,yes,strong_match,1.0,no,A
beercss-539,worker-05/beercss-539.json,worker-05,completed,STOPPED_BY_USER,unclear,82,warn,#10,yes,strong_match,1.0,no,B
beercss-558,worker-05/beercss-558.json,worker-05,completed,STOPPED_BY_USER,unclear,66,pass,,no,no_trajectory,,no,D
blinko-1068,worker-05/blinko-1068.json,worker-05,failed,,,,pass,,N/A,N/A,,no,A
blinko-1138,worker-05/blinko-1138.json,worker-05,failed,,,,pass,,N/A,N/A,,no,A
blinko-427,worker-05/blinko-427.json,worker-05,failed,,,,pass,,N/A,N/A,,no,A
blinko-444,worker-05/blinko-444.json,worker-05,failed,,,,pass,,N/A,N/A,,no,A
blinko-802,worker-05/blinko-802.json,worker-05,failed,,,,pass,,N/A,N/A,,no,A
calendar-401,worker-05/calendar-401.json,worker-05,completed,STOPPED_BY_USER,unclear,99,warn,#10,yes,strong_match,1.0,no,B
codeimage-420,worker-05/codeimage-420.json,worker-05,failed,,,,pass,,N/A,N/A,,no,A
codeimage-445,worker-05/codeimage-445.json,worker-05,failed,,,,pass,,N/A,N/A,,no,A
codeimage-641,worker-05/codeimage-641.json,worker-05,failed,,,,pass,,N/A,N/A,,no,A
devops-daily-859,worker-05/devops-daily-859.json,worker-05,completed,COMPLETED,abnormal,30,pass,,yes,strong_match,1.0,no,A
ebook-reader-287,worker-05/ebook-reader-287.json,worker-05,completed,STOPPED_BY_USER,unclear,83,warn,#10,yes,mismatch,,no,B
editor.js-2386,worker-05/editor.js-2386.json,worker-05,completed,COMPLETED,normal,7,pass,,yes,mismatch,,no,A
editor.js-2499,worker-05/editor.js-2499.json,worker-05,completed,COMPLETED,normal,9,pass,,yes,mismatch,,no,A
editor.js-2518,worker-05/editor.js-2518.json,worker-05,completed,COMPLETED,abnormal,10,pass,,yes,mismatch,,no,A
editor.js-2689,worker-05/editor.js-2689.json,worker-05,completed,COMPLETED,normal,11,pass,,yes,mismatch,,no,A
factoriolab-1695,worker-05/factoriolab-1695.json,worker-05,failed,,,,pass,,N/A,N/A,,no,A
factoriolab-1715,worker-05/factoriolab-1715.json,worker-05,failed,,,,pass,,N/A,N/A,,no,A
github-profile-readme-generator-249,worker-05/github-profile-readme-generator-249.json,worker-05,failed,,,,pass,,N/A,N/A,,no,A
github-profile-readme-generator-382,worker-05/github-profile-readme-generator-382.json,worker-05,failed,,,,pass,,N/A,N/A,,no,A
github-profile-readme-generator-93,worker-05/github-profile-readme-generator-93.json,worker-05,failed,,,,pass,,N/A,N/A,,no,A
ionic-823,worker-05/ionic-823.json,worker-05,completed,COMPLETED,normal,39,pass,,yes,partial,,no,A
lms-1931,worker-05/lms-1931.json,worker-05,failed,,,,pass,,N/A,N/A,,no,A
lms-1932,worker-05/lms-1932.json,worker-05,failed,,,,pass,,N/A,N/A,,no,A
lms-2098,worker-05/lms-2098.json,worker-05,failed,,,,pass,,N/A,N/A,,no,A
lokus-15,worker-05/lokus-15.json,worker-05,completed,COMPLETED,unclear,25,pass,,yes,partial,,no,A
lokus-255,worker-05/lokus-255.json,worker-05,failed,,,,pass,,N/A,N/A,,no,A
lokus-259,worker-05/lokus-259.json,worker-05,failed,,,,pass,,N/A,N/A,,no,A
lokus-261,worker-05/lokus-261.json,worker-05,failed,,,,pass,,N/A,N/A,,no,A
lokus-283,worker-05/lokus-283.json,worker-05,failed,,,,pass,,N/A,N/A,,no,A
maskito-2445,worker-05/maskito-2445.json,worker-05,completed,COMPLETED,abnormal,46,pass,,yes,partial,,no,A
maskito-2448,worker-05/maskito-2448.json,worker-05,completed,COMPLETED,unclear,38,pass,,yes,partial,,no,A
maskito-2534,worker-05/maskito-2534.json,worker-05,completed,COMPLETED,normal,50,pass,,yes,partial,,no,A
maskito-804,worker-05/maskito-804.json,worker-05,completed,COMPLETED,normal,41,pass,,yes,partial,,no,A
media-chrome-792,worker-05/media-chrome-792.json,worker-05,completed,COMPLETED,abnormal,109,warn,#10,yes,partial,,no,B
media-chrome-823,worker-05/media-chrome-823.json,worker-05,completed,COMPLETED,normal,60,pass,,yes,partial,,no,A
media-chrome-986,worker-05/media-chrome-986.json,worker-05,completed,COMPLETED,normal,39,pass,,yes,partial,,no,A
media-chrome-991,worker-05/media-chrome-991.json,worker-05,completed,COMPLETED,normal,31,pass,,yes,partial,,no,A
minimal-chat-74,worker-05/minimal-chat-74.json,worker-05,completed,COMPLETED,abnormal,58,pass,,yes,strong_match,1.0,no,A
mint-ui-531,worker-05/mint-ui-531.json,worker-05,completed,COMPLETED,normal,56,pass,,yes,partial,,no,A
monaco-editor-auto-typings-32,worker-05/monaco-editor-auto-typings-32.json,worker-05,completed,COMPLETED,normal,33,fail,#9,yes,mismatch,,yes,C
multiple-select-434,worker-05/multiple-select-434.json,worker-05,completed,COMPLETED,abnormal,6,pass,,yes,strong_match,1.0,no,A
multiple-select-450,worker-05/multiple-select-450.json,worker-05,completed,COMPLETED,abnormal,8,pass,,yes,partial,,no,A
multiple-select-465,worker-05/multiple-select-465.json,worker-05,completed,COMPLETED,abnormal,6,pass,,yes,strong_match,1.0,no,A
multiple-select-487,worker-05/multiple-select-487.json,worker-05,completed,COMPLETED,abnormal,14,pass,,yes,strong_match,1.0,no,A
multiple-select-507,worker-05/multiple-select-507.json,worker-05,completed,COMPLETED,normal,16,pass,,yes,strong_match,1.0,no,A
multiple-select-515,worker-05/multiple-select-515.json,worker-05,completed,COMPLETED,abnormal,18,pass,,yes,strong_match,1.0,no,A
nuxt-security-610,worker-05/nuxt-security-610.json,worker-05,completed,COMPLETED,normal,37,pass,,yes,strong_match,1.0,no,A
open5e-775,worker-05/open5e-775.json,worker-05,completed,COMPLETED,abnormal,59,pass,,yes,partial,,no,A
react-bootstrap-6842,worker-05/react-bootstrap-6842.json,worker-05,completed,COMPLETED,abnormal,24,pass,,yes,strong_match,1.0,no,A
react-calendar-343,worker-05/react-calendar-343.json,worker-05,completed,COMPLETED,abnormal,7,pass,,yes,mismatch,,no,A
react-datasheet-grid-204,worker-05/react-datasheet-grid-204.json,worker-05,completed,COMPLETED,normal,19,pass,,yes,partial,,no,A
react-timeline-9000-106,worker-05/react-timeline-9000-106.json,worker-05,failed,,,,pass,,N/A,N/A,,no,A
react-timeline-9000-144,worker-05/react-timeline-9000-144.json,worker-05,completed,COMPLETED,abnormal,66,pass,,yes,partial,,no,A
react-timeline-9000-200,worker-05/react-timeline-9000-200.json,worker-05,completed,COMPLETED,abnormal,88,warn,#10,yes,partial,,no,B
react-timeline-9000-62,worker-05/react-timeline-9000-62.json,worker-05,completed,COMPLETED,normal,54,pass,,yes,partial,,no,A
reactstrap-1070,worker-05/reactstrap-1070.json,worker-05,completed,COMPLETED,normal,89,warn,#10,yes,partial,,no,B
rich-markdown-editor-176,worker-05/rich-markdown-editor-176.json,worker-05,completed,COMPLETED,normal,18,pass,,yes,partial,,no,A
rich-markdown-editor-538,worker-05/rich-markdown-editor-538.json,worker-05,failed,,,,pass,,N/A,N/A,,no,A
shadcn-ui-expansions-171,worker-05/shadcn-ui-expansions-171.json,worker-05,completed,COMPLETED,normal,18,fail,#9,yes,strong_match,1.0,yes,C
shadcn-ui-expansions-205,worker-05/shadcn-ui-expansions-205.json,worker-05,completed,COMPLETED,normal,11,fail,#9,yes,strong_match,1.0,yes,C
signature_pad-120,worker-05/signature_pad-120.json,worker-05,completed,COMPLETED,normal,12,pass,,yes,strong_match,1.0,no,A
signature_pad-656,worker-05/signature_pad-656.json,worker-05,completed,COMPLETED,normal,49,pass,,yes,strong_match,1.0,no,A
sorry-cypress-310,worker-05/sorry-cypress-310.json,worker-05,completed,COMPLETED,unclear,23,pass,,yes,partial,,no,A
sorry-cypress-360,worker-05/sorry-cypress-360.json,worker-05,failed,,,,pass,,N/A,N/A,,no,A
sorry-cypress-567,worker-05/sorry-cypress-567.json,worker-05,failed,,,,pass,,N/A,N/A,,no,A
static-cms-905,worker-05/static-cms-905.json,worker-05,completed,COMPLETED,abnormal,59,pass,,yes,mismatch,,no,A
svelte-splitpanes-3,worker-05/svelte-splitpanes-3.json,worker-05,failed,,,,fail,#9,N/A,N/A,,yes,C
svelte-tags-input-17,worker-05/svelte-tags-input-17.json,worker-05,completed,STOPPED_BY_USER,abnormal,80,pass,,yes,partial,,no,A
svelte-typeahead-11,worker-05/svelte-typeahead-11.json,worker-05,completed,STOPPED_BY_USER,unclear,68,pass,,no,no_trajectory,,no,D
think-83,worker-05/think-83.json,worker-05,failed,,,,pass,,N/A,N/A,,no,A
vue-hotel-datepicker-202,worker-05/vue-hotel-datepicker-202.json,worker-05,completed,COMPLETED,normal,56,pass,,yes,strong_match,1.0,no,A
BongoCat-499,worker-06/BongoCat-499.json,worker-06,completed,STOPPED_STEP_LIMIT,unclear,80,pass,,yes,strong_match,1.0,no,A
ByteStash-173,worker-06/ByteStash-173.json,worker-06,failed,,,,fail,"#9, #16",N/A,N/A,,yes,C
SvelteLab-194,worker-06/SvelteLab-194.json,worker-06,completed,COMPLETED,unclear,25,pass,,yes,strong_match,1.0,no,A
SvelteLab-289,worker-06/SvelteLab-289.json,worker-06,failed,,,,pass,,N/A,N/A,,no,A
accounts-ui-173,worker-06/accounts-ui-173.json,worker-06,completed,STOPPED_BY_USER,unclear,22,pass,,yes,strong_match,1.0,no,A
cryptgeon-150,worker-06/cryptgeon-150.json,worker-06,failed,,,,fail,#9,N/A,N/A,,yes,C
docz-965,worker-06/docz-965.json,worker-06,failed,,,,pass,,N/A,N/A,,no,A
editor-1842,worker-06/editor-1842.json,worker-06,failed,,,,warn,#16,N/A,N/A,,no,B
editor.js-2536,worker-06/editor.js-2536.json,worker-06,completed,COMPLETED,abnormal,58,pass,,yes,partial,,no,A
emoji-mart-219,worker-06/emoji-mart-219.json,worker-06,failed,,,,fail,#9,N/A,N/A,,yes,C
emoji-mart-254,worker-06/emoji-mart-254.json,worker-06,failed,,,,fail,#9,N/A,N/A,,yes,C
emoji-mart-327,worker-06/emoji-mart-327.json,worker-06,failed,,,,fail,#9,N/A,N/A,,yes,C
emoji-mart-762,worker-06/emoji-mart-762.json,worker-06,failed,,,,fail,#9,N/A,N/A,,yes,C
factoriolab-1295,worker-06/factoriolab-1295.json,worker-06,completed,COMPLETED,normal,35,pass,,yes,strong_match,1.0,no,A
factoriolab-1327,worker-06/factoriolab-1327.json,worker-06,completed,STOPPED_BY_USER,abnormal,65,pass,,yes,strong_match,1.0,no,A
factoriolab-1332,worker-06/factoriolab-1332.json,worker-06,completed,COMPLETED,abnormal,60,pass,,yes,strong_match,1.0,no,A
fakebooker-frontend-270,worker-06/fakebooker-frontend-270.json,worker-06,failed,,,,pass,,N/A,N/A,,no,A
fluid-player-465,worker-06/fluid-player-465.json,worker-06,completed,COMPLETED,abnormal,56,pass,,yes,strong_match,1.0,no,A
fluid-player-530,worker-06/fluid-player-530.json,worker-06,completed,COMPLETED,abnormal,16,pass,,yes,strong_match,1.0,no,A
fluid-player-613,worker-06/fluid-player-613.json,worker-06,completed,COMPLETED,normal,11,pass,,yes,strong_match,1.0,no,A
hermes-ide-75,worker-06/hermes-ide-75.json,worker-06,failed,,,,pass,,N/A,N/A,,no,A
hermes-ide-78,worker-06/hermes-ide-78.json,worker-06,failed,,,,pass,,N/A,N/A,,no,A
hermes-ide-87,worker-06/hermes-ide-87.json,worker-06,failed,,,,pass,,N/A,N/A,,no,A
ide-53,worker-06/ide-53.json,worker-06,failed,,,,pass,,N/A,N/A,,no,A
intershop-pwa-1778,worker-06/intershop-pwa-1778.json,worker-06,failed,,,,pass,,N/A,N/A,,no,A
intershop-pwa-1792,worker-06/intershop-pwa-1792.json,worker-06,failed,,,,pass,,N/A,N/A,,no,A
intershop-pwa-1830,worker-06/intershop-pwa-1830.json,worker-06,failed,,,,pass,,N/A,N/A,,no,A
intershop-pwa-1839,worker-06/intershop-pwa-1839.json,worker-06,failed,,,,pass,,N/A,N/A,,no,A
intershop-pwa-1850,worker-06/intershop-pwa-1850.json,worker-06,failed,,,,pass,,N/A,N/A,,no,A
kan-23,worker-06/kan-23.json,worker-06,failed,,,,fail,#9,N/A,N/A,,yes,C
kaneo-1129,worker-06/kaneo-1129.json,worker-06,failed,,,,pass,,N/A,N/A,,no,A
kaneo-1173,worker-06/kaneo-1173.json,worker-06,failed,,,,pass,,N/A,N/A,,no,A
media-chrome-1011,worker-06/media-chrome-1011.json,worker-06,failed,,,,pass,,N/A,N/A,,no,A
media-chrome-814,worker-06/media-chrome-814.json,worker-06,failed,,,,pass,,N/A,N/A,,no,A
medium-editor-702,worker-06/medium-editor-702.json,worker-06,completed,COMPLETED,abnormal,31,pass,,yes,strong_match,1.0,no,A
medium-editor-711,worker-06/medium-editor-711.json,worker-06,completed,ERROR,unclear,66,pass,,yes,strong_match,1.0,no,A
medium-editor-748,worker-06/medium-editor-748.json,worker-06,completed,COMPLETED,normal,23,pass,,yes,strong_match,1.0,no,A
medium-editor-751,worker-06/medium-editor-751.json,worker-06,completed,COMPLETED,abnormal,55,pass,,yes,strong_match,1.0,no,A
medium-editor-757,worker-06/medium-editor-757.json,worker-06,completed,STOPPED_BY_USER,unclear,74,pass,,yes,strong_match,1.0,no,A
medium-editor-783,worker-06/medium-editor-783.json,worker-06,completed,COMPLETED,abnormal,48,pass,,yes,strong_match,1.0,no,A
medium-editor-935,worker-06/medium-editor-935.json,worker-06,completed,COMPLETED,normal,16,pass,,yes,strong_match,1.0,no,A
medium-editor-959,worker-06/medium-editor-959.json,worker-06,completed,STOPPED_BY_USER,abnormal,73,pass,,yes,strong_match,1.0,no,A
mini-qr-59,worker-06/mini-qr-59.json,worker-06,failed,,,,pass,,N/A,N/A,,no,A
mint-ui-285,worker-06/mint-ui-285.json,worker-06,completed,COMPLETED,abnormal,51,pass,,yes,strong_match,1.0,no,A
mint-ui-577,worker-06/mint-ui-577.json,worker-06,completed,STOPPED_STEP_LIMIT,unclear,80,pass,,yes,strong_match,1.0,no,A
monaco-editor-auto-typings-32,worker-06/monaco-editor-auto-typings-32.json,worker-06,failed,,,,fail,#9,N/A,N/A,,yes,C
notea-158,worker-06/notea-158.json,worker-06,failed,,,,pass,,N/A,N/A,,no,A
notea-161,worker-06/notea-161.json,worker-06,failed,,,,pass,,N/A,N/A,,no,A
notea-98,worker-06/notea-98.json,worker-06,failed,,,,pass,,N/A,N/A,,no,A
nuxt-api-party-49,worker-06/nuxt-api-party-49.json,worker-06,completed,COMPLETED,abnormal,55,pass,,yes,strong_match,1.0,no,A
nuxt-api-party-98,worker-06/nuxt-api-party-98.json,worker-06,completed,COMPLETED,abnormal,25,pass,,yes,strong_match,1.0,no,A
nuxt-security-332,worker-06/nuxt-security-332.json,worker-06,completed,COMPLETED,normal,20,pass,,yes,strong_match,1.0,no,A
open5e-799,worker-06/open5e-799.json,worker-06,completed,COMPLETED,abnormal,52,pass,,yes,strong_match,1.0,no,A
orbit-web-97,worker-06/orbit-web-97.json,worker-06,failed,,,,pass,,N/A,N/A,,no,A
organice-1001,worker-06/organice-1001.json,worker-06,failed,,,,pass,,N/A,N/A,,no,A
organice-1006,worker-06/organice-1006.json,worker-06,failed,,,,pass,,N/A,N/A,,no,A
organice-779,worker-06/organice-779.json,worker-06,failed,,,,pass,,N/A,N/A,,no,A
organice-784,worker-06/organice-784.json,worker-06,failed,,,,pass,,N/A,N/A,,no,A
organice-988,worker-06/organice-988.json,worker-06,failed,,,,pass,,N/A,N/A,,no,A
react-content-loader-110,worker-06/react-content-loader-110.json,worker-06,completed,COMPLETED,abnormal,60,pass,,yes,partial,,no,A
react-date-picker-118,worker-06/react-date-picker-118.json,worker-06,completed,COMPLETED,abnormal,12,pass,,yes,partial,,no,A
react-native-web-2560,worker-06/react-native-web-2560.json,worker-06,completed,COMPLETED,abnormal,9,pass,,yes,partial,,no,A
react-native-web-2704,worker-06/react-native-web-2704.json,worker-06,completed,COMPLETED,normal,26,pass,,yes,partial,,no,A
react-virtualized-1577,worker-06/react-virtualized-1577.json,worker-06,completed,COMPLETED,normal,63,pass,,yes,partial,,no,A
reactgrid-104,worker-06/reactgrid-104.json,worker-06,completed,COMPLETED,unclear,25,pass,,yes,partial,,no,A
runbox7-1070,worker-06/runbox7-1070.json,worker-06,failed,,,,pass,,N/A,N/A,,no,A
shadcn-admin-134,worker-06/shadcn-admin-134.json,worker-06,completed,COMPLETED,abnormal,24,fail,#9,yes,strong_match,1.0,yes,C
shadcn-admin-136,worker-06/shadcn-admin-136.json,worker-06,completed,COMPLETED,normal,65,fail,#9,yes,strong_match,1.0,yes,C
static-cms-809,worker-06/static-cms-809.json,worker-06,completed,COMPLETED,abnormal,21,pass,,yes,strong_match,1.0,no,A
static-cms-994,worker-06/static-cms-994.json,worker-06,completed,COMPLETED,abnormal,44,pass,,yes,strong_match,1.0,no,A
svelte-tags-input-26,worker-06/svelte-tags-input-26.json,worker-06,completed,COMPLETED,abnormal,11,pass,,yes,strong_match,1.0,no,A
svelteui-283,worker-06/svelteui-283.json,worker-06,failed,,,,pass,,N/A,N/A,,no,A
svelteui-297,worker-06/svelteui-297.json,worker-06,failed,,,,pass,,N/A,N/A,,no,A
tabler-react-174,worker-06/tabler-react-174.json,worker-06,completed,COMPLETED,unclear,23,pass,,yes,strong_match,1.0,no,A
tabler-react-226,worker-06/tabler-react-226.json,worker-06,failed,,,,pass,,N/A,N/A,,no,A
tabler-react-238,worker-06/tabler-react-238.json,worker-06,failed,,,,pass,,N/A,N/A,,no,A
tabler-react-353,worker-06/tabler-react-353.json,worker-06,failed,,,,pass,,N/A,N/A,,no,A
trix-77,worker-06/trix-77.json,worker-06,completed,COMPLETED,abnormal,66,pass,,yes,strong_match,1.0,no,A
typehero-1510,worker-06/typehero-1510.json,worker-06,completed,COMPLETED,abnormal,13,pass,,yes,strong_match,1.0,no,A
typehero-1678,worker-06/typehero-1678.json,worker-06,failed,,,,pass,,N/A,N/A,,no,A
BongoCat-509,worker-07/BongoCat-509.json,worker-07,failed,,,,pass,,N/A,N/A,,no,A
Luckysheet-409,worker-07/Luckysheet-409.json,worker-07,completed,COMPLETED,abnormal,39,pass,,yes,strong_match,1.0,no,A
Luckysheet-528,worker-07/Luckysheet-528.json,worker-07,completed,COMPLETED,abnormal,32,fail,#9,yes,strong_match,1.0,yes,C
alinea-154,worker-07/alinea-154.json,worker-07,failed,,,,pass,,N/A,N/A,,no,A
alinea-205,worker-07/alinea-205.json,worker-07,failed,,,,pass,,N/A,N/A,,no,A
alpine-theme-95,worker-07/alpine-theme-95.json,worker-07,completed,COMPLETED,abnormal,34,pass,,yes,strong_match,1.0,no,A
ant-design-vue-7590,worker-07/ant-design-vue-7590.json,worker-07,completed,COMPLETED,abnormal,28,pass,,yes,strong_match,1.0,no,A
ant-design-vue-7819,worker-07/ant-design-vue-7819.json,worker-07,completed,COMPLETED,normal,13,pass,,yes,strong_match,1.0,no,A
builder-3119,worker-07/builder-3119.json,worker-07,failed,,,,pass,,N/A,N/A,,no,A
dejavu-119,worker-07/dejavu-119.json,worker-07,failed,,,,pass,,N/A,N/A,,no,A
dejavu-150,worker-07/dejavu-150.json,worker-07,failed,,,,pass,,N/A,N/A,,no,A
dejavu-151,worker-07/dejavu-151.json,worker-07,failed,,,,pass,,N/A,N/A,,no,A
dejavu-174,worker-07/dejavu-174.json,worker-07,failed,,,,pass,,N/A,N/A,,no,A
dejavu-176,worker-07/dejavu-176.json,worker-07,failed,,,,pass,,N/A,N/A,,no,A
dejavu-377,worker-07/dejavu-377.json,worker-07,failed,,,,pass,,N/A,N/A,,no,A
dejavu-413,worker-07/dejavu-413.json,worker-07,failed,,,,pass,,N/A,N/A,,no,A
dejavu-448,worker-07/dejavu-448.json,worker-07,failed,,,,pass,,N/A,N/A,,no,A
docz-1691,worker-07/docz-1691.json,worker-07,completed,COMPLETED,normal,14,pass,,yes,strong_match,1.0,no,A
elements-1062,worker-07/elements-1062.json,worker-07,failed,,,,pass,,N/A,N/A,,no,A
frontend-3623,worker-07/frontend-3623.json,worker-07,failed,,,,pass,,N/A,N/A,,no,A
frontend-3674,worker-07/frontend-3674.json,worker-07,failed,,,,pass,,N/A,N/A,,no,A
frontend-3715,worker-07/frontend-3715.json,worker-07,failed,,,,pass,,N/A,N/A,,no,A
gitlight-142,worker-07/gitlight-142.json,worker-07,failed,,,,pass,,N/A,N/A,,no,A
ha-fusion-278,worker-07/ha-fusion-278.json,worker-07,failed,,,,pass,,N/A,N/A,,no,A
ha-fusion-476,worker-07/ha-fusion-476.json,worker-07,failed,,,,pass,,N/A,N/A,,no,A
ha-fusion-478,worker-07/ha-fusion-478.json,worker-07,failed,,,,pass,,N/A,N/A,,no,A
jekyll-admin-176,worker-07/jekyll-admin-176.json,worker-07,failed,,,,pass,,N/A,N/A,,no,A
jekyll-admin-187,worker-07/jekyll-admin-187.json,worker-07,failed,,,,pass,,N/A,N/A,,no,A
jekyll-admin-206,worker-07/jekyll-admin-206.json,worker-07,failed,,,,pass,,N/A,N/A,,no,A
jupytergis-1187,worker-07/jupytergis-1187.json,worker-07,failed,,,,pass,,N/A,N/A,,no,A
kun-galgame-nuxt4-82,worker-07/kun-galgame-nuxt4-82.json,worker-07,failed,,,,pass,,N/A,N/A,,no,A
maputnik-871,worker-07/maputnik-871.json,worker-07,completed,COMPLETED,normal,18,pass,,yes,strong_match,1.0,no,A
mint-ui-290,worker-07/mint-ui-290.json,worker-07,failed,NOT_EXECUTED,abnormal,0,fail,"#7, #15",N/A,N/A,,no,C
mint-ui-628,worker-07/mint-ui-628.json,worker-07,failed,NOT_EXECUTED,abnormal,0,fail,"#7, #15",N/A,N/A,,no,C
ng-select-2576,worker-07/ng-select-2576.json,worker-07,completed,COMPLETED,abnormal,33,pass,,yes,strong_match,1.0,no,A
octo-101,worker-07/octo-101.json,worker-07,completed,COMPLETED,abnormal,56,pass,,yes,partial,,no,A
octo-213,worker-07/octo-213.json,worker-07,completed,COMPLETED,abnormal,37,pass,,yes,partial,,no,A
octo-261,worker-07/octo-261.json,worker-07,failed,,,,pass,,N/A,N/A,,no,A
octo-76,worker-07/octo-76.json,worker-07,completed,COMPLETED,unclear,109,warn,#10,yes,partial,,no,B
open5e-622,worker-07/open5e-622.json,worker-07,completed,COMPLETED,unclear,80,fail,#9,no,no_trajectory,,yes,D
org-chart-290,worker-07/org-chart-290.json,worker-07,completed,COMPLETED,unclear,80,pass,,no,no_trajectory,,no,D
outstatic-164,worker-07/outstatic-164.json,worker-07,failed,,,,pass,,N/A,N/A,,no,A
podverse-web-1206,worker-07/podverse-web-1206.json,worker-07,failed,,,,pass,,N/A,N/A,,no,A
podverse-web-929,worker-07/podverse-web-929.json,worker-07,failed,,,,pass,,N/A,N/A,,no,A
react-date-picker-110,worker-07/react-date-picker-110.json,worker-07,completed,COMPLETED,normal,4,pass,,yes,mismatch,,no,A
rich-markdown-editor-296,worker-07/rich-markdown-editor-296.json,worker-07,completed,COMPLETED,unclear,64,pass,,yes,partial,,no,A
runbox7-1311,worker-07/runbox7-1311.json,worker-07,failed,,,,pass,,N/A,N/A,,no,A
runbox7-1552,worker-07/runbox7-1552.json,worker-07,failed,,,,pass,,N/A,N/A,,no,A
runbox7-1562,worker-07/runbox7-1562.json,worker-07,failed,,,,pass,,N/A,N/A,,no,A
runbox7-982,worker-07/runbox7-982.json,worker-07,failed,,,,pass,,N/A,N/A,,no,A
shopware-pwa-1902,worker-07/shopware-pwa-1902.json,worker-07,failed,,,,pass,,N/A,N/A,,no,A
slickgpt-38,worker-07/slickgpt-38.json,worker-07,failed,,,,fail,#9,N/A,N/A,,yes,C
sorry-cypress-154,worker-07/sorry-cypress-154.json,worker-07,failed,,,,pass,,N/A,N/A,,no,A
sorry-cypress-481,worker-07/sorry-cypress-481.json,worker-07,failed,,,,pass,,N/A,N/A,,no,A
tres-120,worker-07/tres-120.json,worker-07,failed,,,,pass,,N/A,N/A,,no,A
tres-164,worker-07/tres-164.json,worker-07,failed,,,,pass,,N/A,N/A,,no,A
tres-199,worker-07/tres-199.json,worker-07,failed,,,,pass,,N/A,N/A,,no,A
tres-241,worker-07/tres-241.json,worker-07,failed,,,,pass,,N/A,N/A,,no,A
tres-263,worker-07/tres-263.json,worker-07,failed,,,,pass,,N/A,N/A,,no,A
tres-65,worker-07/tres-65.json,worker-07,failed,,,,pass,,N/A,N/A,,no,A
vaadin-grid-1176,worker-07/vaadin-grid-1176.json,worker-07,completed,COMPLETED,abnormal,67,pass,,yes,strong_match,1.0,no,A
vaadin-grid-1577,worker-07/vaadin-grid-1577.json,worker-07,completed,COMPLETED,normal,47,pass,,yes,strong_match,1.0,no,A
vaadin-grid-1645,worker-07/vaadin-grid-1645.json,worker-07,completed,COMPLETED,normal,42,pass,,yes,strong_match,1.0,no,A
vaadin-grid-1723,worker-07/vaadin-grid-1723.json,worker-07,completed,COMPLETED,unclear,83,warn,#10,yes,strong_match,1.0,no,B
vaadin-grid-1726,worker-07/vaadin-grid-1726.json,worker-07,completed,COMPLETED,normal,75,pass,,yes,strong_match,1.0,no,A
vaadin-grid-1737,worker-07/vaadin-grid-1737.json,worker-07,completed,COMPLETED,abnormal,85,warn,#10,yes,strong_match,1.0,no,B
vaadin-grid-2055,worker-07/vaadin-grid-2055.json,worker-07,failed,,,,pass,,N/A,N/A,,no,A
vue-hotel-datepicker-281,worker-07/vue-hotel-datepicker-281.json,worker-07,completed,STOPPED_BY_USER,abnormal,100,warn,#10,yes,strong_match,1.0,no,B
BongoCat-592,worker-08/BongoCat-592.json,worker-08,completed,COMPLETED,abnormal,13,pass,,yes,mismatch,,no,A
SandDance-546,worker-08/SandDance-546.json,worker-08,completed,COMPLETED,abnormal,35,pass,,yes,mismatch,,no,A
Task-Board-516,worker-08/Task-Board-516.json,worker-08,failed,,,,pass,,N/A,N/A,,no,A
TiddlyWiki5-763,worker-08/TiddlyWiki5-763.json,worker-08,completed,COMPLETED,normal,5,pass,,yes,partial,,no,A
TiddlyWiki5-8092,worker-08/TiddlyWiki5-8092.json,worker-08,completed,COMPLETED,abnormal,30,pass,,yes,partial,,no,A
TiddlyWiki5-8507,worker-08/TiddlyWiki5-8507.json,worker-08,completed,COMPLETED,abnormal,10,pass,,yes,partial,,no,A
TiddlyWiki5-9467,worker-08/TiddlyWiki5-9467.json,worker-08,completed,COMPLETED,abnormal,15,pass,,yes,partial,,no,A
TiddlyWiki5-9521,worker-08/TiddlyWiki5-9521.json,worker-08,completed,TIMEOUT,normal,52,pass,,no,no_trajectory,,no,D
TiddlyWiki5-9555,worker-08/TiddlyWiki5-9555.json,worker-08,completed,COMPLETED,abnormal,31,pass,,yes,partial,,no,A
TiddlyWiki5-9592,worker-08/TiddlyWiki5-9592.json,worker-08,completed,COMPLETED,abnormal,7,pass,,yes,partial,,no,A
TiddlyWiki5-9629,worker-08/TiddlyWiki5-9629.json,worker-08,completed,COMPLETED,abnormal,10,pass,,yes,partial,,no,A
TiddlyWiki5-9647,worker-08/TiddlyWiki5-9647.json,worker-08,completed,COMPLETED,abnormal,41,pass,,yes,partial,,no,A
angular-calendar-1396,worker-08/angular-calendar-1396.json,worker-08,failed,,,,pass,,N/A,N/A,,no,A
auto-2015,worker-08/auto-2015.json,worker-08,completed,COMPLETED,unclear,6,pass,,yes,partial,,no,A
batnoter-87,worker-08/batnoter-87.json,worker-08,completed,COMPLETED,unclear,19,pass,,yes,partial,,no,A
beercss-549,worker-08/beercss-549.json,worker-08,completed,COMPLETED,normal,45,pass,,yes,strong_match,1.0,no,A
bobarr-57,worker-08/bobarr-57.json,worker-08,failed,,,,pass,,N/A,N/A,,no,A
clappr-1868,worker-08/clappr-1868.json,worker-08,failed,,,,pass,,N/A,N/A,,no,A
covid19-7625,worker-08/covid19-7625.json,worker-08,failed,,,,pass,,N/A,N/A,,no,A
covid19-7818,worker-08/covid19-7818.json,worker-08,failed,,,,pass,,N/A,N/A,,no,A
devtools-768,worker-08/devtools-768.json,worker-08,failed,,,,pass,,N/A,N/A,,no,A
docs-3351,worker-08/docs-3351.json,worker-08,completed,COMPLETED,abnormal,9,pass,,yes,partial,,no,A
docz-984,worker-08/docz-984.json,worker-08,failed,,,,pass,,N/A,N/A,,no,A
elements-936,worker-08/elements-936.json,worker-08,failed,,,,pass,,N/A,N/A,,no,A
epicenter-1637,worker-08/epicenter-1637.json,worker-08,failed,,,,pass,,N/A,N/A,,no,A
etherpad-lite-6471,worker-08/etherpad-lite-6471.json,worker-08,completed,COMPLETED,abnormal,51,pass,,yes,partial,,no,A
etherpad-lite-7137,worker-08/etherpad-lite-7137.json,worker-08,completed,COMPLETED,normal,33,pass,,yes,partial,,no,A
freespeech-21,worker-08/freespeech-21.json,worker-08,failed,,,,pass,,N/A,N/A,,no,A
frontend-3712,worker-08/frontend-3712.json,worker-08,failed,,,,pass,,N/A,N/A,,no,A
gitlight-131,worker-08/gitlight-131.json,worker-08,completed,TIMEOUT,unclear,43,pass,,no,no_trajectory,,no,D
gitlight-222,worker-08/gitlight-222.json,worker-08,failed,,,,pass,,N/A,N/A,,no,A
gitlight-56,worker-08/gitlight-56.json,worker-08,failed,,,,pass,,N/A,N/A,,no,A
hls-downloader-491,worker-08/hls-downloader-491.json,worker-08,failed,,,,pass,,N/A,N/A,,no,A
kan-206,worker-08/kan-206.json,worker-08,completed,COMPLETED,normal,55,fail,#9,yes,partial,,yes,C
kan-242,worker-08/kan-242.json,worker-08,completed,COMPLETED,unclear,18,fail,#9,yes,strong_match,1.0,yes,C
kan-27,worker-08/kan-27.json,worker-08,failed,,,,fail,#9,N/A,N/A,,yes,C
kan-30,worker-08/kan-30.json,worker-08,failed,,,,fail,#9,N/A,N/A,,yes,C
kan-320,worker-08/kan-320.json,worker-08,failed,,,,pass,,N/A,N/A,,no,A
karakeep-2511,worker-08/karakeep-2511.json,worker-08,failed,,,,pass,,N/A,N/A,,no,A
karakeep-2569,worker-08/karakeep-2569.json,worker-08,failed,,,,pass,,N/A,N/A,,no,A
karakeep-2640,worker-08/karakeep-2640.json,worker-08,failed,,,,pass,,N/A,N/A,,no,A
kepler.gl-2245,worker-08/kepler.gl-2245.json,worker-08,failed,,,,pass,,N/A,N/A,,no,A
kepler.gl-2984,worker-08/kepler.gl-2984.json,worker-08,failed,,,,pass,,N/A,N/A,,no,A
lightning-app-786,worker-08/lightning-app-786.json,worker-08,failed,,,,pass,,N/A,N/A,,no,A
lms-1583,worker-08/lms-1583.json,worker-08,failed,,,,pass,,N/A,N/A,,no,A
lumen-254,worker-08/lumen-254.json,worker-08,completed,COMPLETED,abnormal,56,pass,,yes,strong_match,1.0,no,A
lumen-300,worker-08/lumen-300.json,worker-08,completed,TIMEOUT,unclear,66,pass,,no,no_trajectory,,no,D
lumen-473,worker-08/lumen-473.json,worker-08,failed,,,,pass,,N/A,N/A,,no,A
marble-296,worker-08/marble-296.json,worker-08,failed,,,,pass,,N/A,N/A,,no,A
mathlive-2584,worker-08/mathlive-2584.json,worker-08,completed,COMPLETED,abnormal,34,pass,,yes,partial,,no,A
md-1126,worker-08/md-1126.json,worker-08,completed,COMPLETED,normal,31,pass,,yes,partial,,no,A
meilisearch-ui-163,worker-08/meilisearch-ui-163.json,worker-08,completed,COMPLETED,abnormal,16,pass,,yes,mismatch,,no,A
meilisearch-ui-239,worker-08/meilisearch-ui-239.json,worker-08,failed,,,,pass,,N/A,N/A,,no,A
minimal-chat-99,worker-08/minimal-chat-99.json,worker-08,failed,,,,pass,,N/A,N/A,,no,A
mint-ui-304,worker-08/mint-ui-304.json,worker-08,failed,COMPLETED,unclear,73,fail,"#7, #15, #16",N/A,N/A,,no,C
mint-ui-644,worker-08/mint-ui-644.json,worker-08,failed,,,,pass,,N/A,N/A,,no,A
misskey-hub-next-101,worker-08/misskey-hub-next-101.json,worker-08,failed,,,,pass,,N/A,N/A,,no,A
ng2-pdf-viewer-222,worker-08/ng2-pdf-viewer-222.json,worker-08,failed,,,,pass,,N/A,N/A,,no,A
ngx-markdown-185,worker-08/ngx-markdown-185.json,worker-08,completed,COMPLETED,abnormal,45,pass,,yes,strong_match,1.0,no,A
nuxt-module-222,worker-08/nuxt-module-222.json,worker-08,completed,COMPLETED,normal,22,pass,,yes,partial,,no,A
openclaw-nerve-140,worker-08/openclaw-nerve-140.json,worker-08,completed,TIMEOUT,unclear,59,pass,,no,no_trajectory,,no,D
openclaw-nerve-184,worker-08/openclaw-nerve-184.json,worker-08,failed,,,,pass,,N/A,N/A,,no,A
openclaw-nerve-194,worker-08/openclaw-nerve-194.json,worker-08,failed,,,,pass,,N/A,N/A,,no,A
openclaw-nerve-25,worker-08/openclaw-nerve-25.json,worker-08,failed,,,,pass,,N/A,N/A,,no,A
openclaw-nerve-34,worker-08/openclaw-nerve-34.json,worker-08,failed,,,,pass,,N/A,N/A,,no,A
org-chart-306,worker-08/org-chart-306.json,worker-08,completed,COMPLETED,abnormal,15,pass,,yes,strong_match,1.0,no,A
overlayed-84,worker-08/overlayed-84.json,worker-08,failed,,,,pass,,N/A,N/A,,no,A
overlayed-87,worker-08/overlayed-87.json,worker-08,completed,COMPLETED,unclear,26,pass,,yes,partial,,no,A
paperbits-demo-138,worker-08/paperbits-demo-138.json,worker-08,completed,COMPLETED,abnormal,40,pass,,yes,partial,,no,A
paperbits-demo-74,worker-08/paperbits-demo-74.json,worker-08,completed,COMPLETED,abnormal,15,pass,,yes,partial,,no,A
plot-2274,worker-08/plot-2274.json,worker-08,failed,,,,pass,,N/A,N/A,,no,A
rawgraphs-app-113,worker-08/rawgraphs-app-113.json,worker-08,failed,,,,pass,,N/A,N/A,,no,A
react-bootstrap-6827,worker-08/react-bootstrap-6827.json,worker-08,completed,COMPLETED,normal,11,pass,,yes,strong_match,1.0,no,A
react-bootstrap-6860,worker-08/react-bootstrap-6860.json,worker-08,completed,COMPLETED,normal,18,pass,,yes,strong_match,1.0,no,A
react-bootstrap-6866,worker-08/react-bootstrap-6866.json,worker-08,completed,COMPLETED,abnormal,77,pass,,yes,strong_match,1.0,no,A
react-bootstrap-6991,worker-08/react-bootstrap-6991.json,worker-08,completed,COMPLETED,normal,15,pass,,yes,strong_match,1.0,no,A
react-design-editor-244,worker-08/react-design-editor-244.json,worker-08,failed,,,,pass,,N/A,N/A,,no,A
react-native-web-2794,worker-08/react-native-web-2794.json,worker-08,failed,,,,pass,,N/A,N/A,,no,A
react-pdf-1530,worker-08/react-pdf-1530.json,worker-08,failed,,,,pass,,N/A,N/A,,no,A
react-rainbow-1485,worker-08/react-rainbow-1485.json,worker-08,completed,COMPLETED,unclear,15,pass,,yes,mismatch,,no,A
react-timeline-9000-35,worker-08/react-timeline-9000-35.json,worker-08,completed,TIMEOUT,unclear,55,pass,,no,no_trajectory,,no,D
react-virtualized-866,worker-08/react-virtualized-866.json,worker-08,completed,COMPLETED,abnormal,79,pass,,yes,partial,,no,A
reactgrid-205,worker-08/reactgrid-205.json,worker-08,completed,COMPLETED,abnormal,15,pass,,yes,partial,,no,A
reactgrid-229,worker-08/reactgrid-229.json,worker-08,completed,COMPLETED,abnormal,25,pass,,yes,partial,,no,A
shopify-261,worker-08/shopify-261.json,worker-08,failed,,,,pass,,N/A,N/A,,no,A
sorry-cypress-228,worker-08/sorry-cypress-228.json,worker-08,failed,,,,pass,,N/A,N/A,,no,A
sorry-cypress-392,worker-08/sorry-cypress-392.json,worker-08,failed,,,,pass,,N/A,N/A,,no,A
sorry-cypress-849,worker-08/sorry-cypress-849.json,worker-08,failed,,,,pass,,N/A,N/A,,no,A
static-cms-790,worker-08/static-cms-790.json,worker-08,failed,,,,pass,,N/A,N/A,,no,A
storefront-635,worker-08/storefront-635.json,worker-08,failed,,,,pass,,N/A,N/A,,no,A
storefront-636,worker-08/storefront-636.json,worker-08,failed,,,,pass,,N/A,N/A,,no,A
storefront-644,worker-08/storefront-644.json,worker-08,failed,,,,pass,,N/A,N/A,,no,A
storefront-902,worker-08/storefront-902.json,worker-08,failed,,,,pass,,N/A,N/A,,no,A
suneditor-1205,worker-08/suneditor-1205.json,worker-08,failed,,,,pass,,N/A,N/A,,no,A
tailwindcss-987,worker-08/tailwindcss-987.json,worker-08,completed,COMPLETED,abnormal,31,pass,,yes,strong_match,1.0,no,A
tui.editor-1806,worker-08/tui.editor-1806.json,worker-08,failed,,,,pass,,N/A,N/A,,no,A
useSend-177,worker-08/useSend-177.json,worker-08,failed,,,,pass,,N/A,N/A,,no,A
vue-pdf-98,worker-08/vue-pdf-98.json,worker-08,completed,TIMEOUT,unclear,76,pass,,no,no_trajectory,,no,D
vue-slick-carousel-63,worker-08/vue-slick-carousel-63.json,worker-08,completed,TIMEOUT,abnormal,62,pass,,no,no_trajectory,,no,D
website-v2-1887,worker-08/website-v2-1887.json,worker-08,failed,,,,pass,,N/A,N/A,,no,A
win11React-658,worker-08/win11React-658.json,worker-08,failed,,,,pass,,N/A,N/A,,no,A
BongoCat-431,worker-09/BongoCat-431.json,worker-09,completed,COMPLETED,abnormal,25,fail,#9,yes,partial,,yes,C
BongoCat-777,worker-09/BongoCat-777.json,worker-09,completed,COMPLETED,unclear,4,pass,,yes,mismatch,,no,A
ByteStash-156,worker-09/ByteStash-156.json,worker-09,completed,COMPLETED,normal,63,fail,#9,yes,strong_match,1.0,yes,C
Luckysheet-528,worker-09/Luckysheet-528.json,worker-09,failed,,,,fail,#9,N/A,N/A,,yes,C
Markpad-21,worker-09/Markpad-21.json,worker-09,completed,SIGKILL,unclear,60,fail,#9,no,no_trajectory,,yes,D
Nucleus-26,worker-09/Nucleus-26.json,worker-09,completed,COMPLETED,unclear,11,fail,#9,yes,strong_match,1.0,yes,C
Piped-3762,worker-09/Piped-3762.json,worker-09,completed,COMPLETED,abnormal,45,pass,,yes,strong_match,1.0,no,A
Piped-3941,worker-09/Piped-3941.json,worker-09,completed,SIGKILL,normal,65,pass,,yes,strong_match,1.0,no,A
Piped-3969,worker-09/Piped-3969.json,worker-09,completed,SIGKILL,unclear,69,pass,,yes,strong_match,1.0,no,A
Piped-4072,worker-09/Piped-4072.json,worker-09,completed,COMPLETED,unclear,62,pass,,yes,strong_match,1.0,no,A
Starkiller-5,worker-09/Starkiller-5.json,worker-09,failed,,,,pass,,N/A,N/A,,no,A
Task-Board-608,worker-09/Task-Board-608.json,worker-09,failed,,,,pass,,N/A,N/A,,no,A
accounts-ui-149,worker-09/accounts-ui-149.json,worker-09,failed,,,,pass,,N/A,N/A,,no,A
accounts-ui-156,worker-09/accounts-ui-156.json,worker-09,failed,,,,pass,,N/A,N/A,,no,A
accounts-ui-159,worker-09/accounts-ui-159.json,worker-09,failed,,,,pass,,N/A,N/A,,no,A
accounts-ui-165,worker-09/accounts-ui-165.json,worker-09,failed,,,,pass,,N/A,N/A,,no,A
accounts-ui-167,worker-09/accounts-ui-167.json,worker-09,failed,,,,pass,,N/A,N/A,,no,A
angular-datepicker-267,worker-09/angular-datepicker-267.json,worker-09,completed,COMPLETED,abnormal,30,pass,,yes,strong_match,1.0,no,A
books-1159,worker-09/books-1159.json,worker-09,failed,,,,pass,,N/A,N/A,,no,A
devtools-598,worker-09/devtools-598.json,worker-09,failed,,,,pass,,N/A,N/A,,no,A
editor-542,worker-09/editor-542.json,worker-09,completed,SIGKILL,abnormal,68,fail,#9,yes,mismatch,,yes,C
editor-893,worker-09/editor-893.json,worker-09,completed,COMPLETED,normal,40,fail,#9,yes,mismatch,,yes,C
emoji-mart-220,worker-09/emoji-mart-220.json,worker-09,completed,KILLED,abnormal,79,pass,,yes,mismatch,,no,A
forms-3175,worker-09/forms-3175.json,worker-09,failed,,,,pass,,N/A,N/A,,no,A
git-city-11,worker-09/git-city-11.json,worker-09,failed,,,,pass,,N/A,N/A,,no,A
git-city-12,worker-09/git-city-12.json,worker-09,failed,,,,pass,,N/A,N/A,,no,A
git-city-46,worker-09/git-city-46.json,worker-09,failed,,,,pass,,N/A,N/A,,no,A
kalendar-75,worker-09/kalendar-75.json,worker-09,completed,STOPPED_BY_USER,normal,64,fail,#9,yes,strong_match,1.0,yes,C
kaneo-1066,worker-09/kaneo-1066.json,worker-09,failed,,,,pass,,N/A,N/A,,no,A
kaneo-1081,worker-09/kaneo-1081.json,worker-09,failed,,,,pass,,N/A,N/A,,no,A
kaneo-1087,worker-09/kaneo-1087.json,worker-09,failed,,,,pass,,N/A,N/A,,no,A
kaneo-1131,worker-09/kaneo-1131.json,worker-09,failed,,,,pass,,N/A,N/A,,no,A
kaneo-1140,worker-09/kaneo-1140.json,worker-09,failed,,,,pass,,N/A,N/A,,no,A
kaneo-875,worker-09/kaneo-875.json,worker-09,failed,,,,pass,,N/A,N/A,,no,A
kepler.gl-2305,worker-09/kepler.gl-2305.json,worker-09,completed,COMPLETED,normal,13,pass,,yes,partial,,no,A
lin-cms-vue-267,worker-09/lin-cms-vue-267.json,worker-09,failed,,,,pass,,N/A,N/A,,no,A
lumen-149,worker-09/lumen-149.json,worker-09,failed,,,,pass,,N/A,N/A,,no,A
lumen-253,worker-09/lumen-253.json,worker-09,completed,COMPLETED,unclear,46,pass,,yes,strong_match,1.0,no,A
lumen-451,worker-09/lumen-451.json,worker-09,completed,COMPLETED,abnormal,52,pass,,yes,strong_match,1.0,no,A
maker.js-556,worker-09/maker.js-556.json,worker-09,failed,,,,pass,,N/A,N/A,,no,A
mathlive-2479,worker-09/mathlive-2479.json,worker-09,completed,COMPLETED,abnormal,28,pass,,yes,partial,,no,A
mathlive-2482,worker-09/mathlive-2482.json,worker-09,completed,COMPLETED,normal,33,pass,,yes,partial,,no,A
mathlive-2638,worker-09/mathlive-2638.json,worker-09,completed,COMPLETED,abnormal,27,pass,,yes,partial,,no,A
medium-editor-942,worker-09/medium-editor-942.json,worker-09,completed,COMPLETED,normal,57,pass,,yes,partial,,no,A
medium-editor-994,worker-09/medium-editor-994.json,worker-09,completed,COMPLETED,abnormal,77,pass,,yes,partial,,no,A
megadraft-283,worker-09/megadraft-283.json,worker-09,failed,,,,pass,,N/A,N/A,,no,A
megadraft-286,worker-09/megadraft-286.json,worker-09,failed,,,,pass,,N/A,N/A,,no,A
megadraft-288,worker-09/megadraft-288.json,worker-09,failed,,,,pass,,N/A,N/A,,no,A
megadraft-302,worker-09/megadraft-302.json,worker-09,failed,,,,pass,,N/A,N/A,,no,A
megadraft-319,worker-09/megadraft-319.json,worker-09,failed,,,,pass,,N/A,N/A,,no,A
megadraft-324,worker-09/megadraft-324.json,worker-09,failed,,,,pass,,N/A,N/A,,no,A
mint-ui-305,worker-09/mint-ui-305.json,worker-09,completed,COMPLETED,unclear,23,pass,,yes,partial,,no,A
mint-ui-754,worker-09/mint-ui-754.json,worker-09,completed,COMPLETED,unclear,12,pass,,yes,partial,,no,A
multiple-select-257,worker-09/multiple-select-257.json,worker-09,completed,COMPLETED,unclear,60,pass,,yes,strong_match,1.0,no,A
multiple-select-302,worker-09/multiple-select-302.json,worker-09,completed,COMPLETED,abnormal,13,pass,,yes,strong_match,1.0,no,A
multiple-select-350,worker-09/multiple-select-350.json,worker-09,completed,COMPLETED,abnormal,20,pass,,yes,strong_match,1.0,no,A
multiple-select-407,worker-09/multiple-select-407.json,worker-09,completed,COMPLETED,normal,21,pass,,yes,strong_match,1.0,no,A
ngx-datatable-1702,worker-09/ngx-datatable-1702.json,worker-09,failed,,,,pass,,N/A,N/A,,no,A
ngx-page-scroll-2,worker-09/ngx-page-scroll-2.json,worker-09,failed,,,,pass,,N/A,N/A,,no,A
openclaw-nerve-27,worker-09/openclaw-nerve-27.json,worker-09,completed,COMPLETED,abnormal,25,pass,,yes,partial,,no,A
openclaw-nerve-64,worker-09/openclaw-nerve-64.json,worker-09,failed,,,,pass,,N/A,N/A,,no,A
org-chart-215,worker-09/org-chart-215.json,worker-09,completed,COMPLETED,unclear,51,fail,#9,yes,strong_match,1.0,yes,C
org-chart-69,worker-09/org-chart-69.json,worker-09,completed,COMPLETED,unclear,20,fail,#9,yes,strong_match,1.0,yes,C
padloc-369,worker-09/padloc-369.json,worker-09,failed,,,,pass,,N/A,N/A,,no,A
padloc-552,worker-09/padloc-552.json,worker-09,failed,,,,pass,,N/A,N/A,,no,A
photon-532,worker-09/photon-532.json,worker-09,failed,,,,pass,,N/A,N/A,,no,A
photon-546,worker-09/photon-546.json,worker-09,failed,,,,pass,,N/A,N/A,,no,A
photon-555,worker-09/photon-555.json,worker-09,failed,,,,pass,,N/A,N/A,,no,A
photon-614,worker-09/photon-614.json,worker-09,failed,,,,pass,,N/A,N/A,,no,A
photon-668,worker-09/photon-668.json,worker-09,failed,,,,pass,,N/A,N/A,,no,A
photon-705,worker-09/photon-705.json,worker-09,failed,,,,pass,,N/A,N/A,,no,A
planka-1350,worker-09/planka-1350.json,worker-09,completed,COMPLETED,unclear,13,pass,,yes,strong_match,1.0,no,A
react-grid-layout-918,worker-09/react-grid-layout-918.json,worker-09,failed,,,,pass,,N/A,N/A,,no,A
react-hot-toast-10,worker-09/react-hot-toast-10.json,worker-09,failed,,,,pass,,N/A,N/A,,no,A
react-hot-toast-101,worker-09/react-hot-toast-101.json,worker-09,failed,,,,pass,,N/A,N/A,,no,A
react-hot-toast-27,worker-09/react-hot-toast-27.json,worker-09,failed,,,,pass,,N/A,N/A,,no,A
react-hot-toast-45,worker-09/react-hot-toast-45.json,worker-09,failed,,,,pass,,N/A,N/A,,no,A
react-hot-toast-50,worker-09/react-hot-toast-50.json,worker-09,failed,,,,pass,,N/A,N/A,,no,A
react-page-1140,worker-09/react-page-1140.json,worker-09,failed,,,,pass,,N/A,N/A,,no,A
react-page-1175,worker-09/react-page-1175.json,worker-09,failed,,,,pass,,N/A,N/A,,no,A
react-page-1262,worker-09/react-page-1262.json,worker-09,failed,,,,pass,,N/A,N/A,,no,A
react-page-838,worker-09/react-page-838.json,worker-09,completed,COMPLETED,normal,25,pass,,yes,strong_match,1.0,no,A
react-page-962,worker-09/react-page-962.json,worker-09,failed,,,,pass,,N/A,N/A,,no,A
react-toastify-316,worker-09/react-toastify-316.json,worker-09,failed,,,,pass,,N/A,N/A,,no,A
react-toastify-345,worker-09/react-toastify-345.json,worker-09,failed,,,,pass,,N/A,N/A,,no,A
react-toastify-363,worker-09/react-toastify-363.json,worker-09,failed,,,,pass,,N/A,N/A,,no,A
react-toastify-577,worker-09/react-toastify-577.json,worker-09,completed,COMPLETED,abnormal,31,pass,,yes,partial,,no,A
rich-markdown-editor-416,worker-09/rich-markdown-editor-416.json,worker-09,completed,COMPLETED,normal,64,pass,,yes,partial,,no,A
rich-markdown-editor-440,worker-09/rich-markdown-editor-440.json,worker-09,completed,COMPLETED,abnormal,61,pass,,yes,partial,,no,A
rich-markdown-editor-462,worker-09/rich-markdown-editor-462.json,worker-09,completed,COMPLETED,abnormal,26,pass,,yes,partial,,no,A
runbox7-1200,worker-09/runbox7-1200.json,worker-09,failed,,,,pass,,N/A,N/A,,no,A
shadcn-admin-134,worker-09/shadcn-admin-134.json,worker-09,completed,COMPLETED,abnormal,15,fail,#9,yes,strong_match,1.0,yes,C
shadcn-admin-136,worker-09/shadcn-admin-136.json,worker-09,completed,COMPLETED,normal,28,fail,#9,yes,strong_match,1.0,yes,C
shadcn-solid-122,worker-09/shadcn-solid-122.json,worker-09,completed,COMPLETED,abnormal,6,pass,,yes,strong_match,1.0,no,A
shadcn-solid-77,worker-09/shadcn-solid-77.json,worker-09,completed,COMPLETED,abnormal,26,pass,,yes,strong_match,1.0,no,A
shadcn-ui-expansions-171,worker-09/shadcn-ui-expansions-171.json,worker-09,completed,COMPLETED,normal,15,fail,#9,yes,strong_match,1.0,yes,C
shadcn-ui-expansions-205,worker-09/shadcn-ui-expansions-205.json,worker-09,completed,COMPLETED,normal,7,fail,#9,yes,strong_match,1.0,yes,C
shikwasa-44,worker-09/shikwasa-44.json,worker-09,failed,,,,pass,,N/A,N/A,,no,A
shopware-pwa-1926,worker-09/shopware-pwa-1926.json,worker-09,failed,,,,pass,,N/A,N/A,,no,A
static-cms-1069,worker-09/static-cms-1069.json,worker-09,completed,COMPLETED,normal,18,pass,,yes,mismatch,,no,A
static-cms-781,worker-09/static-cms-781.json,worker-09,completed,COMPLETED,abnormal,24,pass,,yes,mismatch,,no,A
static-cms-815,worker-09/static-cms-815.json,worker-09,completed,COMPLETED,abnormal,22,pass,,yes,mismatch,,no,A
static-cms-844,worker-09/static-cms-844.json,worker-09,completed,COMPLETED,abnormal,15,pass,,yes,mismatch,,no,A
static-cms-853,worker-09/static-cms-853.json,worker-09,completed,COMPLETED,normal,61,pass,,yes,mismatch,,no,A
static-cms-854,worker-09/static-cms-854.json,worker-09,completed,COMPLETED,abnormal,53,pass,,yes,mismatch,,no,A
static-cms-879,worker-09/static-cms-879.json,worker-09,completed,COMPLETED,abnormal,48,pass,,yes,mismatch,,no,A
static-cms-926,worker-09/static-cms-926.json,worker-09,completed,COMPLETED,normal,18,pass,,yes,mismatch,,no,A
static-cms-931,worker-09/static-cms-931.json,worker-09,completed,COMPLETED,abnormal,6,pass,,yes,mismatch,,no,A
static-cms-937,worker-09/static-cms-937.json,worker-09,completed,COMPLETED,abnormal,21,pass,,yes,mismatch,,no,A
static-cms-943,worker-09/static-cms-943.json,worker-09,completed,COMPLETED,normal,10,pass,,yes,mismatch,,no,A
text-to-cad-ui-137,worker-09/text-to-cad-ui-137.json,worker-09,failed,,,,pass,,N/A,N/A,,no,A
umbrel-dashboard-101,worker-09/umbrel-dashboard-101.json,worker-09,failed,,,,pass,,N/A,N/A,,no,A
umbrel-dashboard-143,worker-09/umbrel-dashboard-143.json,worker-09,failed,,,,pass,,N/A,N/A,,no,A
umbrel-dashboard-183,worker-09/umbrel-dashboard-183.json,worker-09,failed,,,,pass,,N/A,N/A,,no,A
umbrel-dashboard-198,worker-09/umbrel-dashboard-198.json,worker-09,failed,,,,pass,,N/A,N/A,,no,A
vue-pdf-125,worker-09/vue-pdf-125.json,worker-09,completed,KILLED,unclear,58,pass,,no,no_trajectory,,no,D
vue-pdf-168,worker-09/vue-pdf-168.json,worker-09,completed,COMPLETED,unclear,27,pass,,yes,mismatch,,no,A
vue-pdf-99,worker-09/vue-pdf-99.json,worker-09,completed,COMPLETED,abnormal,68,pass,,yes,partial,,no,A
wanderlust-106,worker-09/wanderlust-106.json,worker-09,failed,,,,pass,,N/A,N/A,,no,A
wanderlust-121,worker-09/wanderlust-121.json,worker-09,failed,,,,pass,,N/A,N/A,,no,A
wanderlust-165,worker-09/wanderlust-165.json,worker-09,failed,,,,pass,,N/A,N/A,,no,A
wanderlust-257,worker-09/wanderlust-257.json,worker-09,failed,,,,pass,,N/A,N/A,,no,A
wanderlust-258,worker-09/wanderlust-258.json,worker-09,failed,,,,pass,,N/A,N/A,,no,A
wanderlust-275,worker-09/wanderlust-275.json,worker-09,failed,,,,pass,,N/A,N/A,,no,A
wanderlust-397,worker-09/wanderlust-397.json,worker-09,failed,,,,pass,,N/A,N/A,,no,A
wanderlust-80,worker-09/wanderlust-80.json,worker-09,failed,,,,pass,,N/A,N/A,,no,A
wanderlust-81,worker-09/wanderlust-81.json,worker-09,failed,,,,pass,,N/A,N/A,,no,A
wanderlust-98,worker-09/wanderlust-98.json,worker-09,failed,,,,pass,,N/A,N/A,,no,A
website-4366,worker-09/website-4366.json,worker-09,completed,COMPLETED,normal,14,pass,,yes,partial,,no,A
BongoCat-431,worker-fabrice/BongoCat-431.json,worker-fabrice,completed,COMPLETED,abnormal,11,fail,#9,yes,partial,,yes,C
CopilotKit-2543,worker-fabrice/CopilotKit-2543.json,worker-fabrice,failed,,,,pass,,N/A,N/A,,no,A
Dante-128,worker-fabrice/Dante-128.json,worker-fabrice,failed,,,,fail,#9,N/A,N/A,,yes,C
L7-2445,worker-fabrice/L7-2445.json,worker-fabrice,failed,,,,pass,,N/A,N/A,,no,A
Markpad-21,worker-fabrice/Markpad-21.json,worker-fabrice,completed,COMPLETED,unclear,101,fail,"#9, #10",yes,strong_match,1.0,yes,C
Notpad-195,worker-fabrice/Notpad-195.json,worker-fabrice,completed,COMPLETED,abnormal,6,pass,,yes,strong_match,1.0,no,A
PeaNUT-35,worker-fabrice/PeaNUT-35.json,worker-fabrice,completed,COMPLETED,normal,43,pass,,yes,strong_match,1.0,no,A
Piped-3715,worker-fabrice/Piped-3715.json,worker-fabrice,completed,COMPLETED,unclear,48,fail,#9,yes,strong_match,1.0,yes,C
accounts-ui-191,worker-fabrice/accounts-ui-191.json,worker-fabrice,failed,,,,pass,,N/A,N/A,,no,A
accounts-ui-203,worker-fabrice/accounts-ui-203.json,worker-fabrice,failed,,,,pass,,N/A,N/A,,no,A
accounts-ui-204,worker-fabrice/accounts-ui-204.json,worker-fabrice,failed,,,,pass,,N/A,N/A,,no,A
angular-datepicker-103,worker-fabrice/angular-datepicker-103.json,worker-fabrice,failed,,,,pass,,N/A,N/A,,no,A
animate-ui-129,worker-fabrice/animate-ui-129.json,worker-fabrice,completed,STOPPED_BY_USER,unclear,31,pass,,yes,partial,,no,A
batnoter-65,worker-fabrice/batnoter-65.json,worker-fabrice,completed,COMPLETED,unclear,67,pass,,yes,strong_match,1.0,no,A
batnoter-89,worker-fabrice/batnoter-89.json,worker-fabrice,completed,COMPLETED,unclear,216,warn,#10,yes,strong_match,1.0,no,B
betaflight-configurator-4900,worker-fabrice/betaflight-configurator-4900.json,worker-fabrice,completed,COMPLETED,abnormal,114,warn,#10,yes,strong_match,1.0,no,B
commercejs-nextjs-demo-store-130,worker-fabrice/commercejs-nextjs-demo-store-130.json,worker-fabrice,failed,,,,pass,,N/A,N/A,,no,A
commercejs-nextjs-demo-store-156,worker-fabrice/commercejs-nextjs-demo-store-156.json,worker-fabrice,failed,,,,pass,,N/A,N/A,,no,A
commercejs-nextjs-demo-store-175,worker-fabrice/commercejs-nextjs-demo-store-175.json,worker-fabrice,failed,,,,pass,,N/A,N/A,,no,A
commercejs-nextjs-demo-store-221,worker-fabrice/commercejs-nextjs-demo-store-221.json,worker-fabrice,failed,,,,pass,,N/A,N/A,,no,A
commercejs-nextjs-demo-store-40,worker-fabrice/commercejs-nextjs-demo-store-40.json,worker-fabrice,failed,,,,pass,,N/A,N/A,,no,A
commercejs-nextjs-demo-store-59,worker-fabrice/commercejs-nextjs-demo-store-59.json,worker-fabrice,failed,,,,pass,,N/A,N/A,,no,A
commercejs-nextjs-demo-store-85,worker-fabrice/commercejs-nextjs-demo-store-85.json,worker-fabrice,failed,,,,pass,,N/A,N/A,,no,A
commercejs-nextjs-demo-store-88,worker-fabrice/commercejs-nextjs-demo-store-88.json,worker-fabrice,failed,,,,pass,,N/A,N/A,,no,A
commercejs-nextjs-demo-store-93,worker-fabrice/commercejs-nextjs-demo-store-93.json,worker-fabrice,failed,,,,pass,,N/A,N/A,,no,A
fluid-player-452,worker-fabrice/fluid-player-452.json,worker-fabrice,completed,COMPLETED,abnormal,18,pass,,yes,partial,,no,A
fluid-player-486,worker-fabrice/fluid-player-486.json,worker-fabrice,completed,COMPLETED,normal,20,pass,,yes,partial,,no,A
gitlight-66,worker-fabrice/gitlight-66.json,worker-fabrice,completed,COMPLETED,abnormal,6,pass,,yes,strong_match,1.0,no,A
ide-9,worker-fabrice/ide-9.json,worker-fabrice,completed,KILLED,unclear,176,warn,#10,no,no_trajectory,,no,D
kepler.gl-2369,worker-fabrice/kepler.gl-2369.json,worker-fabrice,completed,COMPLETED,abnormal,19,pass,,yes,partial,,no,A
kepler.gl-3045,worker-fabrice/kepler.gl-3045.json,worker-fabrice,failed,,,,pass,,N/A,N/A,,no,A
kepler.gl-3346,worker-fabrice/kepler.gl-3346.json,worker-fabrice,completed,COMPLETED,abnormal,23,pass,,yes,partial,,no,A
learn.svelte.dev-392,worker-fabrice/learn.svelte.dev-392.json,worker-fabrice,completed,COMPLETED,abnormal,25,pass,,yes,strong_match,1.0,no,A
maputnik-1524,worker-fabrice/maputnik-1524.json,worker-fabrice,failed,,,,pass,,N/A,N/A,,no,A
media-chrome-1017,worker-fabrice/media-chrome-1017.json,worker-fabrice,completed,COMPLETED,normal,101,warn,#10,yes,partial,,no,B
media-chrome-697,worker-fabrice/media-chrome-697.json,worker-fabrice,completed,STOPPED,unclear,181,warn,#10,no,no_trajectory,,no,D
media-chrome-750,worker-fabrice/media-chrome-750.json,worker-fabrice,completed,COMPLETED,unclear,45,pass,,yes,partial,,no,A
media-chrome-772,worker-fabrice/media-chrome-772.json,worker-fabrice,completed,COMPLETED,unclear,30,pass,,yes,partial,,no,A
medium-editor-1047,worker-fabrice/medium-editor-1047.json,worker-fabrice,completed,COMPLETED,normal,39,fail,#9,yes,strong_match,1.0,yes,C
mint-ui-307,worker-fabrice/mint-ui-307.json,worker-fabrice,completed,COMPLETED,abnormal,45,pass,,yes,partial,,no,A
mint-ui-776,worker-fabrice/mint-ui-776.json,worker-fabrice,completed,COMPLETED,abnormal,56,pass,,yes,partial,,no,A
multiple-select-511,worker-fabrice/multiple-select-511.json,worker-fabrice,completed,COMPLETED,abnormal,57,pass,,yes,strong_match,1.0,no,A
nuxt-21,worker-fabrice/nuxt-21.json,worker-fabrice,completed,COMPLETED,normal,26,pass,,yes,strong_match,1.0,no,A
nuxt-33,worker-fabrice/nuxt-33.json,worker-fabrice,completed,COMPLETED,normal,108,warn,#10,yes,strong_match,1.0,no,B
nuxt-46,worker-fabrice/nuxt-46.json,worker-fabrice,completed,COMPLETED,abnormal,27,pass,,yes,strong_match,1.0,no,A
nuxt-studio-149,worker-fabrice/nuxt-studio-149.json,worker-fabrice,failed,,,,pass,,N/A,N/A,,no,A
nuxt-studio-81,worker-fabrice/nuxt-studio-81.json,worker-fabrice,failed,,,,pass,,N/A,N/A,,no,A
openclaw-nerve-23,worker-fabrice/openclaw-nerve-23.json,worker-fabrice,completed,COMPLETED,unclear,12,pass,,yes,partial,,no,A
photon-342,worker-fabrice/photon-342.json,worker-fabrice,failed,,,,pass,,N/A,N/A,,no,A
photon-478,worker-fabrice/photon-478.json,worker-fabrice,failed,,,,pass,,N/A,N/A,,no,A
react-modern-calendar-datepicker-88,worker-fabrice/react-modern-calendar-datepicker-88.json,worker-fabrice,completed,STOPPED_BY_USER,unclear,74,pass,,yes,partial,,no,A
reactgrid-302,worker-fabrice/reactgrid-302.json,worker-fabrice,completed,ERROR,unclear,108,warn,#10,yes,partial,,no,B
script-lab-609,worker-fabrice/script-lab-609.json,worker-fabrice,failed,,,,pass,,N/A,N/A,,no,A
sophosia-129,worker-fabrice/sophosia-129.json,worker-fabrice,failed,,,,pass,,N/A,N/A,,no,A
svelteui-207,worker-fabrice/svelteui-207.json,worker-fabrice,failed,,,,pass,,N/A,N/A,,no,A
svelteui-215,worker-fabrice/svelteui-215.json,worker-fabrice,failed,,,,pass,,N/A,N/A,,no,A
svelteui-217,worker-fabrice/svelteui-217.json,worker-fabrice,failed,,,,pass,,N/A,N/A,,no,A
svelteui-230,worker-fabrice/svelteui-230.json,worker-fabrice,failed,,,,pass,,N/A,N/A,,no,A
svelteui-241,worker-fabrice/svelteui-241.json,worker-fabrice,failed,,,,pass,,N/A,N/A,,no,A
svelteui-258,worker-fabrice/svelteui-258.json,worker-fabrice,failed,,,,pass,,N/A,N/A,,no,A
svelteui-275,worker-fabrice/svelteui-275.json,worker-fabrice,failed,,,,pass,,N/A,N/A,,no,A
vcal-340,worker-fabrice/vcal-340.json,worker-fabrice,completed,COMPLETED,abnormal,98,warn,#10,yes,strong_match,1.0,no,B
vcal-344,worker-fabrice/vcal-344.json,worker-fabrice,completed,COMPLETED,normal,25,pass,,yes,strong_match,1.0,no,A
vcal-350,worker-fabrice/vcal-350.json,worker-fabrice,completed,COMPLETED,normal,76,pass,,yes,strong_match,1.0,no,A
